Removed Pin From Net: NetName=12V_BOT Pin=12V_BOT-1
Removed Pin From Net: NetName=VIN Pin=C6-1
Removed Pin From Net: NetName=GND Pin=C6-2
Removed Pin From Net: NetName=GND Pin=C30-2
Removed Pin From Net: NetName=GND Pin=C32-1
Removed Pin From Net: NetName=12V_BOT Pin=C32-2
Removed Pin From Net: NetName=GND Pin=C34A-1
Removed Pin From Net: NetName=GND Pin=C34B-1
Removed Pin From Net: NetName=GND Pin=C34C-1
Removed Pin From Net: NetName=GND Pin=C36A-2
Removed Pin From Net: NetName=GND Pin=C36B-2
Removed Pin From Net: NetName=GND Pin=C36C-2
Removed Pin From Net: NetName=GND Pin=C38A-1
Removed Pin From Net: NetName=GND Pin=C38B-1
Removed Pin From Net: NetName=GND Pin=C38C-1
Removed Pin From Net: NetName=GND Pin=C39A-1
Removed Pin From Net: NetName=GND Pin=C39B-1
Removed Pin From Net: NetName=GND Pin=C39C-1
Removed Pin From Net: NetName=GND Pin=C40-2
Removed Pin From Net: NetName=GND Pin=C40-4
Removed Pin From Net: NetName=GND Pin=C40-6
Removed Pin From Net: NetName=GND Pin=C41-2
Removed Pin From Net: NetName=GND Pin=C41-4
Removed Pin From Net: NetName=GND Pin=C41-6
Removed Pin From Net: NetName=GND Pin=C42-2
Removed Pin From Net: NetName=GND Pin=C42-4
Removed Pin From Net: NetName=GND Pin=C42-6
Removed Pin From Net: NetName=GND Pin=C43-2
Removed Pin From Net: NetName=GND Pin=C43-4
Removed Pin From Net: NetName=GND Pin=C43-6
Removed Pin From Net: NetName=GND Pin=C44-2
Removed Pin From Net: NetName=GND Pin=C44-4
Removed Pin From Net: NetName=GND Pin=C44-6
Removed Pin From Net: NetName=GND Pin=C45-2
Removed Pin From Net: NetName=GND Pin=C45-4
Removed Pin From Net: NetName=GND Pin=C45-6
Removed Pin From Net: NetName=GND Pin=C46-2
Removed Pin From Net: NetName=GND Pin=C46-4
Removed Pin From Net: NetName=GND Pin=C46-6
Removed Pin From Net: NetName=GND Pin=C47-2
Removed Pin From Net: NetName=GND Pin=C47-4
Removed Pin From Net: NetName=GND Pin=C47-6
Removed Pin From Net: NetName=GND Pin=C48-2
Removed Pin From Net: NetName=GND Pin=C48-4
Removed Pin From Net: NetName=GND Pin=C48-6
Removed Pin From Net: NetName=GND Pin=C49-2
Removed Pin From Net: NetName=GND Pin=C49-4
Removed Pin From Net: NetName=GND Pin=C49-6
Removed Pin From Net: NetName=GND Pin=C72-1
Removed Pin From Net: NetName=5V_PER Pin=C72-2
Removed Pin From Net: NetName=GND Pin=C72A-1
Removed Pin From Net: NetName=GND Pin=C72B-1
Removed Pin From Net: NetName=GND Pin=C72C-1
Removed Pin From Net: NetName=GND Pin=C73A-1
Removed Pin From Net: NetName=GND Pin=C73B-1
Removed Pin From Net: NetName=GND Pin=C73C-1
Removed Pin From Net: NetName=GND Pin=C74A-1
Removed Pin From Net: NetName=GND Pin=C74B-1
Removed Pin From Net: NetName=GND Pin=C74C-1
Removed Pin From Net: NetName=GND Pin=C75A-1
Removed Pin From Net: NetName=GND Pin=C75B-1
Removed Pin From Net: NetName=GND Pin=C75C-1
Removed Pin From Net: NetName=GND Pin=C76A-1
Removed Pin From Net: NetName=GND Pin=C76B-1
Removed Pin From Net: NetName=GND Pin=C76C-1
Removed Pin From Net: NetName=GND Pin=C77A-1
Removed Pin From Net: NetName=GND Pin=C77B-1
Removed Pin From Net: NetName=GND Pin=C77C-1
Removed Pin From Net: NetName=GND Pin=C80-1
Removed Pin From Net: NetName=GND Pin=C81-1
Removed Pin From Net: NetName=GND Pin=C82-1
Removed Pin From Net: NetName=GND Pin=C83-1
Removed Pin From Net: NetName=GND Pin=C84-1
Removed Pin From Net: NetName=GND Pin=C85-1
Removed Pin From Net: NetName=GND Pin=C86-1
Removed Pin From Net: NetName=GND Pin=C87-1
Removed Pin From Net: NetName=GND Pin=C88-1
Removed Pin From Net: NetName=GND Pin=C89-1
Removed Pin From Net: NetName=GND Pin=C90-1
Removed Pin From Net: NetName=GND Pin=C91-1
Removed Pin From Net: NetName=GND Pin=C100-1
Removed Pin From Net: NetName=12V_BOT Pin=C100-2
Removed Pin From Net: NetName=GND Pin=C101-1
Removed Pin From Net: NetName=12V_BOT Pin=C101-2
Removed Pin From Net: NetName=VIN Pin=L2-1
Removed Pin From Net: NetName=GND Pin=PS2-1
Removed Pin From Net: NetName=GND Pin=PS2-4
Removed Pin From Net: NetName=12V_BOT Pin=PS2-5
Removed Pin From Net: NetName=PWM_out_HA Pin=Q1A-1
Removed Pin From Net: NetName=GND_TOPA Pin=Q1A-2
Removed Pin From Net: NetName=V_DC Pin=Q1A-3
Removed Pin From Net: NetName=V_DC Pin=Q1A-4
Removed Pin From Net: NetName=GND_TOPA Pin=Q1A-5
Removed Pin From Net: NetName=GND_TOPA Pin=Q1A-6
Removed Pin From Net: NetName=V_DC Pin=Q1A-7
Removed Pin From Net: NetName=V_DC Pin=Q1A-8
Removed Pin From Net: NetName=GND_TOPA Pin=Q1A-9
Removed Pin From Net: NetName=GND_TOPA Pin=Q1A-10
Removed Pin From Net: NetName=V_DC Pin=Q1A-11
Removed Pin From Net: NetName=V_DC Pin=Q1A-12
Removed Pin From Net: NetName=GND_TOPA Pin=Q1A-13
Removed Pin From Net: NetName=GND_TOPA Pin=Q1A-14
Removed Pin From Net: NetName=V_DC Pin=Q1A-15
Removed Pin From Net: NetName=V_DC Pin=Q1A-16
Removed Pin From Net: NetName=GND_TOPA Pin=Q1A-17
Removed Pin From Net: NetName=GND_TOPA Pin=Q1A-18
Removed Pin From Net: NetName=V_DC Pin=Q1A-19
Removed Pin From Net: NetName=V_DC Pin=Q1A-20
Removed Pin From Net: NetName=GND_TOPA Pin=Q1A-21
Removed Pin From Net: NetName=GND_TOPA Pin=Q1A-22
Removed Pin From Net: NetName=V_DC Pin=Q1A-23
Removed Pin From Net: NetName=V_DC Pin=Q1A-24
Removed Pin From Net: NetName=GND_TOPA Pin=Q1A-25
Removed Pin From Net: NetName=GND_TOPA Pin=Q1A-26
Removed Pin From Net: NetName=V_DC Pin=Q1A-27
Removed Pin From Net: NetName=V_DC Pin=Q1A-28
Removed Pin From Net: NetName=GND_TOPA Pin=Q1A-29
Removed Pin From Net: NetName=GND_TOPA Pin=Q1A-30
Removed Pin From Net: NetName=PWM_out_HB Pin=Q1B-1
Removed Pin From Net: NetName=V_DC Pin=Q1B-3
Removed Pin From Net: NetName=V_DC Pin=Q1B-4
Removed Pin From Net: NetName=V_DC Pin=Q1B-7
Removed Pin From Net: NetName=V_DC Pin=Q1B-8
Removed Pin From Net: NetName=V_DC Pin=Q1B-11
Removed Pin From Net: NetName=V_DC Pin=Q1B-12
Removed Pin From Net: NetName=V_DC Pin=Q1B-15
Removed Pin From Net: NetName=V_DC Pin=Q1B-16
Removed Pin From Net: NetName=V_DC Pin=Q1B-19
Removed Pin From Net: NetName=V_DC Pin=Q1B-20
Removed Pin From Net: NetName=V_DC Pin=Q1B-23
Removed Pin From Net: NetName=V_DC Pin=Q1B-24
Removed Pin From Net: NetName=V_DC Pin=Q1B-27
Removed Pin From Net: NetName=V_DC Pin=Q1B-28
Removed Pin From Net: NetName=PWM_out_HC Pin=Q1C-1
Removed Pin From Net: NetName=V_DC Pin=Q1C-3
Removed Pin From Net: NetName=V_DC Pin=Q1C-4
Removed Pin From Net: NetName=V_DC Pin=Q1C-7
Removed Pin From Net: NetName=V_DC Pin=Q1C-8
Removed Pin From Net: NetName=V_DC Pin=Q1C-11
Removed Pin From Net: NetName=V_DC Pin=Q1C-12
Removed Pin From Net: NetName=V_DC Pin=Q1C-15
Removed Pin From Net: NetName=V_DC Pin=Q1C-16
Removed Pin From Net: NetName=V_DC Pin=Q1C-19
Removed Pin From Net: NetName=V_DC Pin=Q1C-20
Removed Pin From Net: NetName=V_DC Pin=Q1C-23
Removed Pin From Net: NetName=V_DC Pin=Q1C-24
Removed Pin From Net: NetName=V_DC Pin=Q1C-27
Removed Pin From Net: NetName=V_DC Pin=Q1C-28
Removed Pin From Net: NetName=PWM_out_LA Pin=Q2A-1
Removed Pin From Net: NetName=GND_TOPA Pin=Q2A-3
Removed Pin From Net: NetName=GND_TOPA Pin=Q2A-4
Removed Pin From Net: NetName=GND_TOPA Pin=Q2A-7
Removed Pin From Net: NetName=GND_TOPA Pin=Q2A-8
Removed Pin From Net: NetName=GND_TOPA Pin=Q2A-11
Removed Pin From Net: NetName=GND_TOPA Pin=Q2A-12
Removed Pin From Net: NetName=GND_TOPA Pin=Q2A-15
Removed Pin From Net: NetName=GND_TOPA Pin=Q2A-16
Removed Pin From Net: NetName=GND_TOPA Pin=Q2A-19
Removed Pin From Net: NetName=GND_TOPA Pin=Q2A-20
Removed Pin From Net: NetName=GND_TOPA Pin=Q2A-23
Removed Pin From Net: NetName=GND_TOPA Pin=Q2A-24
Removed Pin From Net: NetName=GND_TOPA Pin=Q2A-27
Removed Pin From Net: NetName=GND_TOPA Pin=Q2A-28
Removed Pin From Net: NetName=PWM_out_LB Pin=Q2B-1
Removed Pin From Net: NetName=PWM_out_LC Pin=Q2C-1
Removed Pin From Net: NetName=GND_TOPA Pin=R10A-1
Removed Pin From Net: NetName=FLT_BOTA Pin=R16A-1
Removed Pin From Net: NetName=3V3_PER Pin=R16A-2
Removed Pin From Net: NetName=FLT_BOTB Pin=R16B-1
Removed Pin From Net: NetName=3V3_PER Pin=R16B-2
Removed Pin From Net: NetName=FLT_BOTC Pin=R16C-1
Removed Pin From Net: NetName=3V3_PER Pin=R16C-2
Removed Pin From Net: NetName=PWM_L1 Pin=R18A-1
Removed Pin From Net: NetName=PWM_L2 Pin=R18B-1
Removed Pin From Net: NetName=PWM_L3 Pin=R18C-1
Removed Pin From Net: NetName=GND Pin=R48A-1
Removed Pin From Net: NetName=GND Pin=R48B-1
Removed Pin From Net: NetName=GND Pin=R48C-1
Removed Pin From Net: NetName=GND Pin=R49A-1
Removed Pin From Net: NetName=GND Pin=R49B-1
Removed Pin From Net: NetName=GND Pin=R49C-1
Removed Pin From Net: NetName=GND Pin=R50-2
Removed Pin From Net: NetName=GND Pin=R51A-1
Removed Pin From Net: NetName=GND Pin=R51B-1
Removed Pin From Net: NetName=GND Pin=R51C-1
Removed Pin From Net: NetName=GND Pin=R75A-1
Removed Pin From Net: NetName=GND Pin=R75B-1
Removed Pin From Net: NetName=GND Pin=R75C-1
Removed Pin From Net: NetName=GND_TOPA Pin=U2A-1
Removed Pin From Net: NetName=GND Pin=U11-8
Removed Pin From Net: NetName=GND Pin=U13-2
Removed Pin From Net: NetName=GND Pin=U13-3
Removed Pin From Net: NetName=5V_PER Pin=U13-5
Removed Pin From Net: NetName=PWM_EN Pin=U13-6
Removed Pin From Net: NetName=GND Pin=U16A-0
Removed Pin From Net: NetName=FLT_BOTA Pin=U16A-1
Removed Pin From Net: NetName=PWM_EN Pin=U16A-2
Removed Pin From Net: NetName=GND Pin=U16A-3
Removed Pin From Net: NetName=GND Pin=U16A-7
Removed Pin From Net: NetName=GND Pin=U16A-9
Removed Pin From Net: NetName=GND Pin=U16A-14
Removed Pin From Net: NetName=GND Pin=U16A-15
Removed Pin From Net: NetName=12V_BOT Pin=U16A-16
Removed Pin From Net: NetName=GND Pin=U16B-0
Removed Pin From Net: NetName=FLT_BOTB Pin=U16B-1
Removed Pin From Net: NetName=PWM_EN Pin=U16B-2
Removed Pin From Net: NetName=GND Pin=U16B-3
Removed Pin From Net: NetName=GND Pin=U16B-7
Removed Pin From Net: NetName=GND Pin=U16B-9
Removed Pin From Net: NetName=GND Pin=U16B-14
Removed Pin From Net: NetName=GND Pin=U16B-15
Removed Pin From Net: NetName=12V_BOT Pin=U16B-16
Removed Pin From Net: NetName=GND Pin=U16C-0
Removed Pin From Net: NetName=FLT_BOTC Pin=U16C-1
Removed Pin From Net: NetName=PWM_EN Pin=U16C-2
Removed Pin From Net: NetName=GND Pin=U16C-3
Removed Pin From Net: NetName=GND Pin=U16C-7
Removed Pin From Net: NetName=GND Pin=U16C-9
Removed Pin From Net: NetName=GND Pin=U16C-14
Removed Pin From Net: NetName=GND Pin=U16C-15
Removed Pin From Net: NetName=12V_BOT Pin=U16C-16
Removed Pin From Net: NetName=GND Pin=U17A-4
Removed Pin From Net: NetName=PWM_H1 Pin=U17A-5
Removed Pin From Net: NetName=NetR17A_1 Pin=U17A-12
Removed Pin From Net: NetName=GND Pin=U17B-4
Removed Pin From Net: NetName=PWM_H2 Pin=U17B-5
Removed Pin From Net: NetName=NetR17B_1 Pin=U17B-12
Removed Pin From Net: NetName=GND Pin=U17C-4
Removed Pin From Net: NetName=PWM_H3 Pin=U17C-5
Removed Pin From Net: NetName=NetR17C_1 Pin=U17C-12
Removed Member From Class: ClassName=X1 Member=C72
Removed Member From Class: ClassName=X1 Member=U13
Removed Member From Class: ClassName=Power Member=12V_BOT
Removed Member From Class: ClassName=Power Member=12V_TOPA
Removed Member From Class: ClassName=Power Member=12V_TOPB
Removed Member From Class: ClassName=Power Member=12V_TOPC
Removed Member From Class: ClassName=Power Member=GND_TOPA
Removed Member From Class: ClassName=Power Member=GND_TOPB
Removed Member From Class: ClassName=Power Member=GND_TOPC
Removed Member From Class: ClassName=Power Member=GND
Change component parameters: Designator = "R47A" ("R47"); Footprint = "RES 0603_1608"; UniqueID = "\1UVWUVFXH\ZTGJAICU" ("\1UVWUVFXH\ZTGJAICU")
Change component parameters (AddParameter): Name = "Component Type"; Value = "SMD resistor"; VariantName = "[No Variations]"
Change component parameters (AddParameter): Name = "ComponentLink1Description"; Value = "Datasheet"; VariantName = "[No Variations]"
Change component parameters (AddParameter): Name = "ComponentLink1URL"; Value = "http://www.farnell.com/datasheets/3171135.pdf"; VariantName = "[No Variations]"
Change component parameters (AddParameter): Name = "Created from"; Value = "MGremer"; VariantName = "[No Variations]"
Change component parameters (AddParameter): Name = "Created On"; Value = "14.12.2020 16:17:14"; VariantName = "[No Variations]"
Change component parameters (AddParameter): Name = "Device Package"; Value = "1206"; VariantName = "[No Variations]"
Change component parameters (AddParameter): Name = "Last Updated"; Value = "24.01.2021 12:18:37"; VariantName = "[No Variations]"
Change component parameters (AddParameter): Name = "Live Cycle Status"; Value = "1"; VariantName = "[No Variations]"
Change component parameters (AddParameter): Name = "Manufacturer"; Value = "ROHM"; VariantName = "[No Variations]"
Change component parameters (AddParameter): Name = "Manufacturer Part Number"; Value = "KTR18EZPF1004"; VariantName = "[No Variations]"
Change component parameters (AddParameter): Name = "Mounting Type"; Value = "SMD"; VariantName = "[No Variations]"
Change component parameters (AddParameter): Name = "PartID"; Value = "175"; VariantName = "[No Variations]"
Change component parameters (AddParameter): Name = "Stock number"; Value = "not stored"; VariantName = "[No Variations]"
Change component parameters (AddParameter): Name = "Supplier 1"; Value = "Farnell"; VariantName = "[No Variations]"
Change component parameters (AddParameter): Name = "Supplier Part Number 1"; Value = "2802466"; VariantName = "[No Variations]"
Change component parameters (AddParameter): Name = "Tolerance"; Value = "1 %"; VariantName = "[No Variations]"
Change component parameters (AddParameter): Name = "Type"; Value = "Resistor"; VariantName = "[No Variations]"
Change component parameters (AddParameter): Name = "Value"; Value = "1M"; VariantName = "[No Variations]"
Change component parameters: Designator = "R47B" ("R47"); Footprint = "RES 0603_1608"; UniqueID = "\2UVWUVFXH\ZTGJAICU" ("\2UVWUVFXH\ZTGJAICU")
Change component parameters (AddParameter): Name = "Component Type"; Value = "SMD resistor"; VariantName = "[No Variations]"
Change component parameters (AddParameter): Name = "ComponentLink1Description"; Value = "Datasheet"; VariantName = "[No Variations]"
Change component parameters (AddParameter): Name = "ComponentLink1URL"; Value = "http://www.farnell.com/datasheets/3171135.pdf"; VariantName = "[No Variations]"
Change component parameters (AddParameter): Name = "Created from"; Value = "MGremer"; VariantName = "[No Variations]"
Change component parameters (AddParameter): Name = "Created On"; Value = "14.12.2020 16:17:14"; VariantName = "[No Variations]"
Change component parameters (AddParameter): Name = "Device Package"; Value = "1206"; VariantName = "[No Variations]"
Change component parameters (AddParameter): Name = "Last Updated"; Value = "24.01.2021 12:18:37"; VariantName = "[No Variations]"
Change component parameters (AddParameter): Name = "Live Cycle Status"; Value = "1"; VariantName = "[No Variations]"
Change component parameters (AddParameter): Name = "Manufacturer"; Value = "ROHM"; VariantName = "[No Variations]"
Change component parameters (AddParameter): Name = "Manufacturer Part Number"; Value = "KTR18EZPF1004"; VariantName = "[No Variations]"
Change component parameters (AddParameter): Name = "Mounting Type"; Value = "SMD"; VariantName = "[No Variations]"
Change component parameters (AddParameter): Name = "PartID"; Value = "175"; VariantName = "[No Variations]"
Change component parameters (AddParameter): Name = "Stock number"; Value = "not stored"; VariantName = "[No Variations]"
Change component parameters (AddParameter): Name = "Supplier 1"; Value = "Farnell"; VariantName = "[No Variations]"
Change component parameters (AddParameter): Name = "Supplier Part Number 1"; Value = "2802466"; VariantName = "[No Variations]"
Change component parameters (AddParameter): Name = "Tolerance"; Value = "1 %"; VariantName = "[No Variations]"
Change component parameters (AddParameter): Name = "Type"; Value = "Resistor"; VariantName = "[No Variations]"
Change component parameters (AddParameter): Name = "Value"; Value = "1M"; VariantName = "[No Variations]"
Change component parameters: Designator = "R47C" ("R47"); Footprint = "RES 0603_1608"; UniqueID = "\3UVWUVFXH\ZTGJAICU" ("\3UVWUVFXH\ZTGJAICU")
Change component parameters (AddParameter): Name = "Component Type"; Value = "SMD resistor"; VariantName = "[No Variations]"
Change component parameters (AddParameter): Name = "ComponentLink1Description"; Value = "Datasheet"; VariantName = "[No Variations]"
Change component parameters (AddParameter): Name = "ComponentLink1URL"; Value = "http://www.farnell.com/datasheets/3171135.pdf"; VariantName = "[No Variations]"
Change component parameters (AddParameter): Name = "Created from"; Value = "MGremer"; VariantName = "[No Variations]"
Change component parameters (AddParameter): Name = "Created On"; Value = "14.12.2020 16:17:14"; VariantName = "[No Variations]"
Change component parameters (AddParameter): Name = "Device Package"; Value = "1206"; VariantName = "[No Variations]"
Change component parameters (AddParameter): Name = "Last Updated"; Value = "24.01.2021 12:18:37"; VariantName = "[No Variations]"
Change component parameters (AddParameter): Name = "Live Cycle Status"; Value = "1"; VariantName = "[No Variations]"
Change component parameters (AddParameter): Name = "Manufacturer"; Value = "ROHM"; VariantName = "[No Variations]"
Change component parameters (AddParameter): Name = "Manufacturer Part Number"; Value = "KTR18EZPF1004"; VariantName = "[No Variations]"
Change component parameters (AddParameter): Name = "Mounting Type"; Value = "SMD"; VariantName = "[No Variations]"
Change component parameters (AddParameter): Name = "PartID"; Value = "175"; VariantName = "[No Variations]"
Change component parameters (AddParameter): Name = "Stock number"; Value = "not stored"; VariantName = "[No Variations]"
Change component parameters (AddParameter): Name = "Supplier 1"; Value = "Farnell"; VariantName = "[No Variations]"
Change component parameters (AddParameter): Name = "Supplier Part Number 1"; Value = "2802466"; VariantName = "[No Variations]"
Change component parameters (AddParameter): Name = "Tolerance"; Value = "1 %"; VariantName = "[No Variations]"
Change component parameters (AddParameter): Name = "Type"; Value = "Resistor"; VariantName = "[No Variations]"
Change component parameters (AddParameter): Name = "Value"; Value = "1M"; VariantName = "[No Variations]"
Change component parameters: Designator = "R48A" ("R48"); Footprint = "RES 0603_1608"; UniqueID = "\1UVWUVFXH\TVCGMIWP" ("\1UVWUVFXH\TVCGMIWP")
Change component parameters (AddParameter): Name = "Component Type"; Value = "SMD resistor"; VariantName = "[No Variations]"
Change component parameters (AddParameter): Name = "ComponentLink1Description"; Value = "Datasheet"; VariantName = "[No Variations]"
Change component parameters (AddParameter): Name = "ComponentLink1URL"; Value = "http://www.farnell.com/datasheets/3171135.pdf"; VariantName = "[No Variations]"
Change component parameters (AddParameter): Name = "Created from"; Value = "MGremer"; VariantName = "[No Variations]"
Change component parameters (AddParameter): Name = "Created On"; Value = "14.12.2020 16:17:14"; VariantName = "[No Variations]"
Change component parameters (AddParameter): Name = "Device Package"; Value = "1206"; VariantName = "[No Variations]"
Change component parameters (AddParameter): Name = "Last Updated"; Value = "24.01.2021 12:18:37"; VariantName = "[No Variations]"
Change component parameters (AddParameter): Name = "Live Cycle Status"; Value = "1"; VariantName = "[No Variations]"
Change component parameters (AddParameter): Name = "Manufacturer"; Value = "ROHM"; VariantName = "[No Variations]"
Change component parameters (AddParameter): Name = "Manufacturer Part Number"; Value = "KTR18EZPF1004"; VariantName = "[No Variations]"
Change component parameters (AddParameter): Name = "Mounting Type"; Value = "SMD"; VariantName = "[No Variations]"
Change component parameters (AddParameter): Name = "PartID"; Value = "175"; VariantName = "[No Variations]"
Change component parameters (AddParameter): Name = "Stock number"; Value = "not stored"; VariantName = "[No Variations]"
Change component parameters (AddParameter): Name = "Supplier 1"; Value = "Farnell"; VariantName = "[No Variations]"
Change component parameters (AddParameter): Name = "Supplier Part Number 1"; Value = "2802466"; VariantName = "[No Variations]"
Change component parameters (AddParameter): Name = "Tolerance"; Value = "1 %"; VariantName = "[No Variations]"
Change component parameters (AddParameter): Name = "Type"; Value = "Resistor"; VariantName = "[No Variations]"
Change component parameters (AddParameter): Name = "Value"; Value = "1M"; VariantName = "[No Variations]"
Change component parameters: Designator = "R48B" ("R48"); Footprint = "RES 0603_1608"; UniqueID = "\2UVWUVFXH\TVCGMIWP" ("\2UVWUVFXH\TVCGMIWP")
Change component parameters (AddParameter): Name = "Component Type"; Value = "SMD resistor"; VariantName = "[No Variations]"
Change component parameters (AddParameter): Name = "ComponentLink1Description"; Value = "Datasheet"; VariantName = "[No Variations]"
Change component parameters (AddParameter): Name = "ComponentLink1URL"; Value = "http://www.farnell.com/datasheets/3171135.pdf"; VariantName = "[No Variations]"
Change component parameters (AddParameter): Name = "Created from"; Value = "MGremer"; VariantName = "[No Variations]"
Change component parameters (AddParameter): Name = "Created On"; Value = "14.12.2020 16:17:14"; VariantName = "[No Variations]"
Change component parameters (AddParameter): Name = "Device Package"; Value = "1206"; VariantName = "[No Variations]"
Change component parameters (AddParameter): Name = "Last Updated"; Value = "24.01.2021 12:18:37"; VariantName = "[No Variations]"
Change component parameters (AddParameter): Name = "Live Cycle Status"; Value = "1"; VariantName = "[No Variations]"
Change component parameters (AddParameter): Name = "Manufacturer"; Value = "ROHM"; VariantName = "[No Variations]"
Change component parameters (AddParameter): Name = "Manufacturer Part Number"; Value = "KTR18EZPF1004"; VariantName = "[No Variations]"
Change component parameters (AddParameter): Name = "Mounting Type"; Value = "SMD"; VariantName = "[No Variations]"
Change component parameters (AddParameter): Name = "PartID"; Value = "175"; VariantName = "[No Variations]"
Change component parameters (AddParameter): Name = "Stock number"; Value = "not stored"; VariantName = "[No Variations]"
Change component parameters (AddParameter): Name = "Supplier 1"; Value = "Farnell"; VariantName = "[No Variations]"
Change component parameters (AddParameter): Name = "Supplier Part Number 1"; Value = "2802466"; VariantName = "[No Variations]"
Change component parameters (AddParameter): Name = "Tolerance"; Value = "1 %"; VariantName = "[No Variations]"
Change component parameters (AddParameter): Name = "Type"; Value = "Resistor"; VariantName = "[No Variations]"
Change component parameters (AddParameter): Name = "Value"; Value = "1M"; VariantName = "[No Variations]"
Change component parameters: Designator = "R48C" ("R48"); Footprint = "RES 0603_1608"; UniqueID = "\3UVWUVFXH\TVCGMIWP" ("\3UVWUVFXH\TVCGMIWP")
Change component parameters (AddParameter): Name = "Component Type"; Value = "SMD resistor"; VariantName = "[No Variations]"
Change component parameters (AddParameter): Name = "ComponentLink1Description"; Value = "Datasheet"; VariantName = "[No Variations]"
Change component parameters (AddParameter): Name = "ComponentLink1URL"; Value = "http://www.farnell.com/datasheets/3171135.pdf"; VariantName = "[No Variations]"
Change component parameters (AddParameter): Name = "Created from"; Value = "MGremer"; VariantName = "[No Variations]"
Change component parameters (AddParameter): Name = "Created On"; Value = "14.12.2020 16:17:14"; VariantName = "[No Variations]"
Change component parameters (AddParameter): Name = "Device Package"; Value = "1206"; VariantName = "[No Variations]"
Change component parameters (AddParameter): Name = "Last Updated"; Value = "24.01.2021 12:18:37"; VariantName = "[No Variations]"
Change component parameters (AddParameter): Name = "Live Cycle Status"; Value = "1"; VariantName = "[No Variations]"
Change component parameters (AddParameter): Name = "Manufacturer"; Value = "ROHM"; VariantName = "[No Variations]"
Change component parameters (AddParameter): Name = "Manufacturer Part Number"; Value = "KTR18EZPF1004"; VariantName = "[No Variations]"
Change component parameters (AddParameter): Name = "Mounting Type"; Value = "SMD"; VariantName = "[No Variations]"
Change component parameters (AddParameter): Name = "PartID"; Value = "175"; VariantName = "[No Variations]"
Change component parameters (AddParameter): Name = "Stock number"; Value = "not stored"; VariantName = "[No Variations]"
Change component parameters (AddParameter): Name = "Supplier 1"; Value = "Farnell"; VariantName = "[No Variations]"
Change component parameters (AddParameter): Name = "Supplier Part Number 1"; Value = "2802466"; VariantName = "[No Variations]"
Change component parameters (AddParameter): Name = "Tolerance"; Value = "1 %"; VariantName = "[No Variations]"
Change component parameters (AddParameter): Name = "Type"; Value = "Resistor"; VariantName = "[No Variations]"
Change component parameters (AddParameter): Name = "Value"; Value = "1M"; VariantName = "[No Variations]"
Change component parameters: Designator = "R52A" ("R52"); Footprint = "RES 0603_1608"; UniqueID = "\1UVWUVFXH\TIAWUJHN" ("\1UVWUVFXH\TIAWUJHN")
Change component parameters (AddParameter): Name = "Component Type"; Value = "SMD resistor"; VariantName = "[No Variations]"
Change component parameters (AddParameter): Name = "ComponentLink1Description"; Value = "Datasheet"; VariantName = "[No Variations]"
Change component parameters (AddParameter): Name = "ComponentLink1URL"; Value = "https://www.mouser.de/datasheet/2/219/RK73B-1825463.pdf"; VariantName = "[No Variations]"
Change component parameters (AddParameter): Name = "Created from"; Value = "MGremer"; VariantName = "[No Variations]"
Change component parameters (AddParameter): Name = "Created On"; Value = "14.12.2020 16:17:14"; VariantName = "[No Variations]"
Change component parameters (AddParameter): Name = "Device Package"; Value = "0603"; VariantName = "[No Variations]"
Change component parameters (AddParameter): Name = "Last Updated"; Value = "02.03.2021 14:07:32"; VariantName = "[No Variations]"
Change component parameters (AddParameter): Name = "Live Cycle Status"; Value = "1"; VariantName = "[No Variations]"
Change component parameters (AddParameter): Name = "Manufacturer"; Value = "KOA Speer"; VariantName = "[No Variations]"
Change component parameters (AddParameter): Name = "Manufacturer Part Number"; Value = "RK73B1JTTDD2R7J"; VariantName = "[No Variations]"
Change component parameters (AddParameter): Name = "Mounting Type"; Value = "SMD"; VariantName = "[No Variations]"
Change component parameters (AddParameter): Name = "PartID"; Value = "12"; VariantName = "[No Variations]"
Change component parameters (AddParameter): Name = "Stock number"; Value = "Labor SMD Container"; VariantName = "[No Variations]"
Change component parameters (AddParameter): Name = "Supplier 1"; Value = "Mouser"; VariantName = "[No Variations]"
Change component parameters (AddParameter): Name = "Supplier Part Number 1"; Value = "660-RK73B1JTTDD2R7J"; VariantName = "[No Variations]"
Change component parameters (AddParameter): Name = "Tolerance"; Value = "5%"; VariantName = "[No Variations]"
Change component parameters (AddParameter): Name = "Type"; Value = "Resistor"; VariantName = "[No Variations]"
Change component parameters (AddParameter): Name = "Value"; Value = "2.7R"; VariantName = "[No Variations]"
Change component parameters: Designator = "R52B" ("R52"); Footprint = "RES 0603_1608"; UniqueID = "\2UVWUVFXH\TIAWUJHN" ("\2UVWUVFXH\TIAWUJHN")
Change component parameters (AddParameter): Name = "Component Type"; Value = "SMD resistor"; VariantName = "[No Variations]"
Change component parameters (AddParameter): Name = "ComponentLink1Description"; Value = "Datasheet"; VariantName = "[No Variations]"
Change component parameters (AddParameter): Name = "ComponentLink1URL"; Value = "https://www.mouser.de/datasheet/2/219/RK73B-1825463.pdf"; VariantName = "[No Variations]"
Change component parameters (AddParameter): Name = "Created from"; Value = "MGremer"; VariantName = "[No Variations]"
Change component parameters (AddParameter): Name = "Created On"; Value = "14.12.2020 16:17:14"; VariantName = "[No Variations]"
Change component parameters (AddParameter): Name = "Device Package"; Value = "0603"; VariantName = "[No Variations]"
Change component parameters (AddParameter): Name = "Last Updated"; Value = "02.03.2021 14:07:32"; VariantName = "[No Variations]"
Change component parameters (AddParameter): Name = "Live Cycle Status"; Value = "1"; VariantName = "[No Variations]"
Change component parameters (AddParameter): Name = "Manufacturer"; Value = "KOA Speer"; VariantName = "[No Variations]"
Change component parameters (AddParameter): Name = "Manufacturer Part Number"; Value = "RK73B1JTTDD2R7J"; VariantName = "[No Variations]"
Change component parameters (AddParameter): Name = "Mounting Type"; Value = "SMD"; VariantName = "[No Variations]"
Change component parameters (AddParameter): Name = "PartID"; Value = "12"; VariantName = "[No Variations]"
Change component parameters (AddParameter): Name = "Stock number"; Value = "Labor SMD Container"; VariantName = "[No Variations]"
Change component parameters (AddParameter): Name = "Supplier 1"; Value = "Mouser"; VariantName = "[No Variations]"
Change component parameters (AddParameter): Name = "Supplier Part Number 1"; Value = "660-RK73B1JTTDD2R7J"; VariantName = "[No Variations]"
Change component parameters (AddParameter): Name = "Tolerance"; Value = "5%"; VariantName = "[No Variations]"
Change component parameters (AddParameter): Name = "Type"; Value = "Resistor"; VariantName = "[No Variations]"
Change component parameters (AddParameter): Name = "Value"; Value = "2.7R"; VariantName = "[No Variations]"
Change component parameters: Designator = "R52C" ("R52"); Footprint = "RES 0603_1608"; UniqueID = "\3UVWUVFXH\TIAWUJHN" ("\3UVWUVFXH\TIAWUJHN")
Change component parameters (AddParameter): Name = "Component Type"; Value = "SMD resistor"; VariantName = "[No Variations]"
Change component parameters (AddParameter): Name = "ComponentLink1Description"; Value = "Datasheet"; VariantName = "[No Variations]"
Change component parameters (AddParameter): Name = "ComponentLink1URL"; Value = "https://www.mouser.de/datasheet/2/219/RK73B-1825463.pdf"; VariantName = "[No Variations]"
Change component parameters (AddParameter): Name = "Created from"; Value = "MGremer"; VariantName = "[No Variations]"
Change component parameters (AddParameter): Name = "Created On"; Value = "14.12.2020 16:17:14"; VariantName = "[No Variations]"
Change component parameters (AddParameter): Name = "Device Package"; Value = "0603"; VariantName = "[No Variations]"
Change component parameters (AddParameter): Name = "Last Updated"; Value = "02.03.2021 14:07:32"; VariantName = "[No Variations]"
Change component parameters (AddParameter): Name = "Live Cycle Status"; Value = "1"; VariantName = "[No Variations]"
Change component parameters (AddParameter): Name = "Manufacturer"; Value = "KOA Speer"; VariantName = "[No Variations]"
Change component parameters (AddParameter): Name = "Manufacturer Part Number"; Value = "RK73B1JTTDD2R7J"; VariantName = "[No Variations]"
Change component parameters (AddParameter): Name = "Mounting Type"; Value = "SMD"; VariantName = "[No Variations]"
Change component parameters (AddParameter): Name = "PartID"; Value = "12"; VariantName = "[No Variations]"
Change component parameters (AddParameter): Name = "Stock number"; Value = "Labor SMD Container"; VariantName = "[No Variations]"
Change component parameters (AddParameter): Name = "Supplier 1"; Value = "Mouser"; VariantName = "[No Variations]"
Change component parameters (AddParameter): Name = "Supplier Part Number 1"; Value = "660-RK73B1JTTDD2R7J"; VariantName = "[No Variations]"
Change component parameters (AddParameter): Name = "Tolerance"; Value = "5%"; VariantName = "[No Variations]"
Change component parameters (AddParameter): Name = "Type"; Value = "Resistor"; VariantName = "[No Variations]"
Change component parameters (AddParameter): Name = "Value"; Value = "2.7R"; VariantName = "[No Variations]"
Change component parameters: Designator = "R59A" ("R59"); Footprint = "RES 0603_1608"; UniqueID = "\1UVWUVFXH\EDJNZTVS" ("\1UVWUVFXH\EDJNZTVS")
Change component parameters (AddParameter): Name = "Component Type"; Value = "SMD resistor"; VariantName = "[No Variations]"
Change component parameters (AddParameter): Name = "ComponentLink1Description"; Value = "Datasheet"; VariantName = "[No Variations]"
Change component parameters (AddParameter): Name = "ComponentLink1URL"; Value = "https://www.mouser.de/datasheet/2/219/RK73B-1825463.pdf"; VariantName = "[No Variations]"
Change component parameters (AddParameter): Name = "Created from"; Value = "MGremer"; VariantName = "[No Variations]"
Change component parameters (AddParameter): Name = "Created On"; Value = "14.12.2020 16:17:14"; VariantName = "[No Variations]"
Change component parameters (AddParameter): Name = "Device Package"; Value = "0603"; VariantName = "[No Variations]"
Change component parameters (AddParameter): Name = "Last Updated"; Value = "02.03.2021 14:07:32"; VariantName = "[No Variations]"
Change component parameters (AddParameter): Name = "Live Cycle Status"; Value = "1"; VariantName = "[No Variations]"
Change component parameters (AddParameter): Name = "Manufacturer"; Value = "KOA Speer"; VariantName = "[No Variations]"
Change component parameters (AddParameter): Name = "Manufacturer Part Number"; Value = "RK73B1JTTDD2R7J"; VariantName = "[No Variations]"
Change component parameters (AddParameter): Name = "Mounting Type"; Value = "SMD"; VariantName = "[No Variations]"
Change component parameters (AddParameter): Name = "PartID"; Value = "12"; VariantName = "[No Variations]"
Change component parameters (AddParameter): Name = "Stock number"; Value = "Labor SMD Container"; VariantName = "[No Variations]"
Change component parameters (AddParameter): Name = "Supplier 1"; Value = "Mouser"; VariantName = "[No Variations]"
Change component parameters (AddParameter): Name = "Supplier Part Number 1"; Value = "660-RK73B1JTTDD2R7J"; VariantName = "[No Variations]"
Change component parameters (AddParameter): Name = "Tolerance"; Value = "5%"; VariantName = "[No Variations]"
Change component parameters (AddParameter): Name = "Type"; Value = "Resistor"; VariantName = "[No Variations]"
Change component parameters (AddParameter): Name = "Value"; Value = "2.7R"; VariantName = "[No Variations]"
Change component parameters: Designator = "R59B" ("R59"); Footprint = "RES 0603_1608"; UniqueID = "\2UVWUVFXH\EDJNZTVS" ("\2UVWUVFXH\EDJNZTVS")
Change component parameters (AddParameter): Name = "Component Type"; Value = "SMD resistor"; VariantName = "[No Variations]"
Change component parameters (AddParameter): Name = "ComponentLink1Description"; Value = "Datasheet"; VariantName = "[No Variations]"
Change component parameters (AddParameter): Name = "ComponentLink1URL"; Value = "https://www.mouser.de/datasheet/2/219/RK73B-1825463.pdf"; VariantName = "[No Variations]"
Change component parameters (AddParameter): Name = "Created from"; Value = "MGremer"; VariantName = "[No Variations]"
Change component parameters (AddParameter): Name = "Created On"; Value = "14.12.2020 16:17:14"; VariantName = "[No Variations]"
Change component parameters (AddParameter): Name = "Device Package"; Value = "0603"; VariantName = "[No Variations]"
Change component parameters (AddParameter): Name = "Last Updated"; Value = "02.03.2021 14:07:32"; VariantName = "[No Variations]"
Change component parameters (AddParameter): Name = "Live Cycle Status"; Value = "1"; VariantName = "[No Variations]"
Change component parameters (AddParameter): Name = "Manufacturer"; Value = "KOA Speer"; VariantName = "[No Variations]"
Change component parameters (AddParameter): Name = "Manufacturer Part Number"; Value = "RK73B1JTTDD2R7J"; VariantName = "[No Variations]"
Change component parameters (AddParameter): Name = "Mounting Type"; Value = "SMD"; VariantName = "[No Variations]"
Change component parameters (AddParameter): Name = "PartID"; Value = "12"; VariantName = "[No Variations]"
Change component parameters (AddParameter): Name = "Stock number"; Value = "Labor SMD Container"; VariantName = "[No Variations]"
Change component parameters (AddParameter): Name = "Supplier 1"; Value = "Mouser"; VariantName = "[No Variations]"
Change component parameters (AddParameter): Name = "Supplier Part Number 1"; Value = "660-RK73B1JTTDD2R7J"; VariantName = "[No Variations]"
Change component parameters (AddParameter): Name = "Tolerance"; Value = "5%"; VariantName = "[No Variations]"
Change component parameters (AddParameter): Name = "Type"; Value = "Resistor"; VariantName = "[No Variations]"
Change component parameters (AddParameter): Name = "Value"; Value = "2.7R"; VariantName = "[No Variations]"
Change component parameters: Designator = "R59C" ("R59"); Footprint = "RES 0603_1608"; UniqueID = "\3UVWUVFXH\EDJNZTVS" ("\3UVWUVFXH\EDJNZTVS")
Change component parameters (AddParameter): Name = "Component Type"; Value = "SMD resistor"; VariantName = "[No Variations]"
Change component parameters (AddParameter): Name = "ComponentLink1Description"; Value = "Datasheet"; VariantName = "[No Variations]"
Change component parameters (AddParameter): Name = "ComponentLink1URL"; Value = "https://www.mouser.de/datasheet/2/219/RK73B-1825463.pdf"; VariantName = "[No Variations]"
Change component parameters (AddParameter): Name = "Created from"; Value = "MGremer"; VariantName = "[No Variations]"
Change component parameters (AddParameter): Name = "Created On"; Value = "14.12.2020 16:17:14"; VariantName = "[No Variations]"
Change component parameters (AddParameter): Name = "Device Package"; Value = "0603"; VariantName = "[No Variations]"
Change component parameters (AddParameter): Name = "Last Updated"; Value = "02.03.2021 14:07:32"; VariantName = "[No Variations]"
Change component parameters (AddParameter): Name = "Live Cycle Status"; Value = "1"; VariantName = "[No Variations]"
Change component parameters (AddParameter): Name = "Manufacturer"; Value = "KOA Speer"; VariantName = "[No Variations]"
Change component parameters (AddParameter): Name = "Manufacturer Part Number"; Value = "RK73B1JTTDD2R7J"; VariantName = "[No Variations]"
Change component parameters (AddParameter): Name = "Mounting Type"; Value = "SMD"; VariantName = "[No Variations]"
Change component parameters (AddParameter): Name = "PartID"; Value = "12"; VariantName = "[No Variations]"
Change component parameters (AddParameter): Name = "Stock number"; Value = "Labor SMD Container"; VariantName = "[No Variations]"
Change component parameters (AddParameter): Name = "Supplier 1"; Value = "Mouser"; VariantName = "[No Variations]"
Change component parameters (AddParameter): Name = "Supplier Part Number 1"; Value = "660-RK73B1JTTDD2R7J"; VariantName = "[No Variations]"
Change component parameters (AddParameter): Name = "Tolerance"; Value = "5%"; VariantName = "[No Variations]"
Change component parameters (AddParameter): Name = "Type"; Value = "Resistor"; VariantName = "[No Variations]"
Change component parameters (AddParameter): Name = "Value"; Value = "2.7R"; VariantName = "[No Variations]"
Change component parameters: Designator = "R62A" ("R62"); Footprint = "RES 0603_1608"; UniqueID = "\1UVWUVFXH\VFUQMULV" ("\1UVWUVFXH\VFUQMULV")
Change component parameters (AddParameter): Name = "Component Type"; Value = "SMD resistor"; VariantName = "[No Variations]"
Change component parameters (AddParameter): Name = "ComponentLink1Description"; Value = "Datasheet"; VariantName = "[No Variations]"
Change component parameters (AddParameter): Name = "ComponentLink1URL"; Value = "https://www.mouser.de/datasheet/2/219/RK73B-1825463.pdf"; VariantName = "[No Variations]"
Change component parameters (AddParameter): Name = "Created from"; Value = "MGremer"; VariantName = "[No Variations]"
Change component parameters (AddParameter): Name = "Created On"; Value = "14.12.2020 16:17:14"; VariantName = "[No Variations]"
Change component parameters (AddParameter): Name = "Device Package"; Value = "0603"; VariantName = "[No Variations]"
Change component parameters (AddParameter): Name = "Last Updated"; Value = "02.03.2021 14:07:32"; VariantName = "[No Variations]"
Change component parameters (AddParameter): Name = "Live Cycle Status"; Value = "1"; VariantName = "[No Variations]"
Change component parameters (AddParameter): Name = "Manufacturer"; Value = "KOA Speer"; VariantName = "[No Variations]"
Change component parameters (AddParameter): Name = "Manufacturer Part Number"; Value = "RK73B1JTTDD2R7J"; VariantName = "[No Variations]"
Change component parameters (AddParameter): Name = "Mounting Type"; Value = "SMD"; VariantName = "[No Variations]"
Change component parameters (AddParameter): Name = "PartID"; Value = "12"; VariantName = "[No Variations]"
Change component parameters (AddParameter): Name = "Stock number"; Value = "Labor SMD Container"; VariantName = "[No Variations]"
Change component parameters (AddParameter): Name = "Supplier 1"; Value = "Mouser"; VariantName = "[No Variations]"
Change component parameters (AddParameter): Name = "Supplier Part Number 1"; Value = "660-RK73B1JTTDD2R7J"; VariantName = "[No Variations]"
Change component parameters (AddParameter): Name = "Tolerance"; Value = "5%"; VariantName = "[No Variations]"
Change component parameters (AddParameter): Name = "Type"; Value = "Resistor"; VariantName = "[No Variations]"
Change component parameters (AddParameter): Name = "Value"; Value = "2.7R"; VariantName = "[No Variations]"
Change component parameters: Designator = "R62B" ("R62"); Footprint = "RES 0603_1608"; UniqueID = "\2UVWUVFXH\VFUQMULV" ("\2UVWUVFXH\VFUQMULV")
Change component parameters (AddParameter): Name = "Component Type"; Value = "SMD resistor"; VariantName = "[No Variations]"
Change component parameters (AddParameter): Name = "ComponentLink1Description"; Value = "Datasheet"; VariantName = "[No Variations]"
Change component parameters (AddParameter): Name = "ComponentLink1URL"; Value = "https://www.mouser.de/datasheet/2/219/RK73B-1825463.pdf"; VariantName = "[No Variations]"
Change component parameters (AddParameter): Name = "Created from"; Value = "MGremer"; VariantName = "[No Variations]"
Change component parameters (AddParameter): Name = "Created On"; Value = "14.12.2020 16:17:14"; VariantName = "[No Variations]"
Change component parameters (AddParameter): Name = "Device Package"; Value = "0603"; VariantName = "[No Variations]"
Change component parameters (AddParameter): Name = "Last Updated"; Value = "02.03.2021 14:07:32"; VariantName = "[No Variations]"
Change component parameters (AddParameter): Name = "Live Cycle Status"; Value = "1"; VariantName = "[No Variations]"
Change component parameters (AddParameter): Name = "Manufacturer"; Value = "KOA Speer"; VariantName = "[No Variations]"
Change component parameters (AddParameter): Name = "Manufacturer Part Number"; Value = "RK73B1JTTDD2R7J"; VariantName = "[No Variations]"
Change component parameters (AddParameter): Name = "Mounting Type"; Value = "SMD"; VariantName = "[No Variations]"
Change component parameters (AddParameter): Name = "PartID"; Value = "12"; VariantName = "[No Variations]"
Change component parameters (AddParameter): Name = "Stock number"; Value = "Labor SMD Container"; VariantName = "[No Variations]"
Change component parameters (AddParameter): Name = "Supplier 1"; Value = "Mouser"; VariantName = "[No Variations]"
Change component parameters (AddParameter): Name = "Supplier Part Number 1"; Value = "660-RK73B1JTTDD2R7J"; VariantName = "[No Variations]"
Change component parameters (AddParameter): Name = "Tolerance"; Value = "5%"; VariantName = "[No Variations]"
Change component parameters (AddParameter): Name = "Type"; Value = "Resistor"; VariantName = "[No Variations]"
Change component parameters (AddParameter): Name = "Value"; Value = "2.7R"; VariantName = "[No Variations]"
Change component parameters: Designator = "R62C" ("R62"); Footprint = "RES 0603_1608"; UniqueID = "\3UVWUVFXH\VFUQMULV" ("\3UVWUVFXH\VFUQMULV")
Change component parameters (AddParameter): Name = "Component Type"; Value = "SMD resistor"; VariantName = "[No Variations]"
Change component parameters (AddParameter): Name = "ComponentLink1Description"; Value = "Datasheet"; VariantName = "[No Variations]"
Change component parameters (AddParameter): Name = "ComponentLink1URL"; Value = "https://www.mouser.de/datasheet/2/219/RK73B-1825463.pdf"; VariantName = "[No Variations]"
Change component parameters (AddParameter): Name = "Created from"; Value = "MGremer"; VariantName = "[No Variations]"
Change component parameters (AddParameter): Name = "Created On"; Value = "14.12.2020 16:17:14"; VariantName = "[No Variations]"
Change component parameters (AddParameter): Name = "Device Package"; Value = "0603"; VariantName = "[No Variations]"
Change component parameters (AddParameter): Name = "Last Updated"; Value = "02.03.2021 14:07:32"; VariantName = "[No Variations]"
Change component parameters (AddParameter): Name = "Live Cycle Status"; Value = "1"; VariantName = "[No Variations]"
Change component parameters (AddParameter): Name = "Manufacturer"; Value = "KOA Speer"; VariantName = "[No Variations]"
Change component parameters (AddParameter): Name = "Manufacturer Part Number"; Value = "RK73B1JTTDD2R7J"; VariantName = "[No Variations]"
Change component parameters (AddParameter): Name = "Mounting Type"; Value = "SMD"; VariantName = "[No Variations]"
Change component parameters (AddParameter): Name = "PartID"; Value = "12"; VariantName = "[No Variations]"
Change component parameters (AddParameter): Name = "Stock number"; Value = "Labor SMD Container"; VariantName = "[No Variations]"
Change component parameters (AddParameter): Name = "Supplier 1"; Value = "Mouser"; VariantName = "[No Variations]"
Change component parameters (AddParameter): Name = "Supplier Part Number 1"; Value = "660-RK73B1JTTDD2R7J"; VariantName = "[No Variations]"
Change component parameters (AddParameter): Name = "Tolerance"; Value = "5%"; VariantName = "[No Variations]"
Change component parameters (AddParameter): Name = "Type"; Value = "Resistor"; VariantName = "[No Variations]"
Change component parameters (AddParameter): Name = "Value"; Value = "2.7R"; VariantName = "[No Variations]"
Change component parameters: Designator = "R71A" ("R71"); Footprint = "RES 0603_1608"; UniqueID = "\1UVWUVFXH\BEWBYTTL" ("\1UVWUVFXH\BEWBYTTL")
Change component parameters (AddParameter): Name = "Component Type"; Value = "SMD resistor"; VariantName = "[No Variations]"
Change component parameters (AddParameter): Name = "ComponentLink1Description"; Value = "Datasheet"; VariantName = "[No Variations]"
Change component parameters (AddParameter): Name = "ComponentLink1URL"; Value = "https://www.mouser.de/datasheet/2/219/RK73B-1825463.pdf"; VariantName = "[No Variations]"
Change component parameters (AddParameter): Name = "Created from"; Value = "MGremer"; VariantName = "[No Variations]"
Change component parameters (AddParameter): Name = "Created On"; Value = "14.12.2020 16:17:14"; VariantName = "[No Variations]"
Change component parameters (AddParameter): Name = "Device Package"; Value = "0603"; VariantName = "[No Variations]"
Change component parameters (AddParameter): Name = "Last Updated"; Value = "02.03.2021 14:07:32"; VariantName = "[No Variations]"
Change component parameters (AddParameter): Name = "Live Cycle Status"; Value = "1"; VariantName = "[No Variations]"
Change component parameters (AddParameter): Name = "Manufacturer"; Value = "KOA Speer"; VariantName = "[No Variations]"
Change component parameters (AddParameter): Name = "Manufacturer Part Number"; Value = "RK73B1JTTDD2R7J"; VariantName = "[No Variations]"
Change component parameters (AddParameter): Name = "Mounting Type"; Value = "SMD"; VariantName = "[No Variations]"
Change component parameters (AddParameter): Name = "PartID"; Value = "12"; VariantName = "[No Variations]"
Change component parameters (AddParameter): Name = "Stock number"; Value = "Labor SMD Container"; VariantName = "[No Variations]"
Change component parameters (AddParameter): Name = "Supplier 1"; Value = "Mouser"; VariantName = "[No Variations]"
Change component parameters (AddParameter): Name = "Supplier Part Number 1"; Value = "660-RK73B1JTTDD2R7J"; VariantName = "[No Variations]"
Change component parameters (AddParameter): Name = "Tolerance"; Value = "5%"; VariantName = "[No Variations]"
Change component parameters (AddParameter): Name = "Type"; Value = "Resistor"; VariantName = "[No Variations]"
Change component parameters (AddParameter): Name = "Value"; Value = "2.7R"; VariantName = "[No Variations]"
Change component parameters: Designator = "R71B" ("R71"); Footprint = "RES 0603_1608"; UniqueID = "\2UVWUVFXH\BEWBYTTL" ("\2UVWUVFXH\BEWBYTTL")
Change component parameters (AddParameter): Name = "Component Type"; Value = "SMD resistor"; VariantName = "[No Variations]"
Change component parameters (AddParameter): Name = "ComponentLink1Description"; Value = "Datasheet"; VariantName = "[No Variations]"
Change component parameters (AddParameter): Name = "ComponentLink1URL"; Value = "https://www.mouser.de/datasheet/2/219/RK73B-1825463.pdf"; VariantName = "[No Variations]"
Change component parameters (AddParameter): Name = "Created from"; Value = "MGremer"; VariantName = "[No Variations]"
Change component parameters (AddParameter): Name = "Created On"; Value = "14.12.2020 16:17:14"; VariantName = "[No Variations]"
Change component parameters (AddParameter): Name = "Device Package"; Value = "0603"; VariantName = "[No Variations]"
Change component parameters (AddParameter): Name = "Last Updated"; Value = "02.03.2021 14:07:32"; VariantName = "[No Variations]"
Change component parameters (AddParameter): Name = "Live Cycle Status"; Value = "1"; VariantName = "[No Variations]"
Change component parameters (AddParameter): Name = "Manufacturer"; Value = "KOA Speer"; VariantName = "[No Variations]"
Change component parameters (AddParameter): Name = "Manufacturer Part Number"; Value = "RK73B1JTTDD2R7J"; VariantName = "[No Variations]"
Change component parameters (AddParameter): Name = "Mounting Type"; Value = "SMD"; VariantName = "[No Variations]"
Change component parameters (AddParameter): Name = "PartID"; Value = "12"; VariantName = "[No Variations]"
Change component parameters (AddParameter): Name = "Stock number"; Value = "Labor SMD Container"; VariantName = "[No Variations]"
Change component parameters (AddParameter): Name = "Supplier 1"; Value = "Mouser"; VariantName = "[No Variations]"
Change component parameters (AddParameter): Name = "Supplier Part Number 1"; Value = "660-RK73B1JTTDD2R7J"; VariantName = "[No Variations]"
Change component parameters (AddParameter): Name = "Tolerance"; Value = "5%"; VariantName = "[No Variations]"
Change component parameters (AddParameter): Name = "Type"; Value = "Resistor"; VariantName = "[No Variations]"
Change component parameters (AddParameter): Name = "Value"; Value = "2.7R"; VariantName = "[No Variations]"
Change component parameters: Designator = "R71C" ("R71"); Footprint = "RES 0603_1608"; UniqueID = "\3UVWUVFXH\BEWBYTTL" ("\3UVWUVFXH\BEWBYTTL")
Change component parameters (AddParameter): Name = "Component Type"; Value = "SMD resistor"; VariantName = "[No Variations]"
Change component parameters (AddParameter): Name = "ComponentLink1Description"; Value = "Datasheet"; VariantName = "[No Variations]"
Change component parameters (AddParameter): Name = "ComponentLink1URL"; Value = "https://www.mouser.de/datasheet/2/219/RK73B-1825463.pdf"; VariantName = "[No Variations]"
Change component parameters (AddParameter): Name = "Created from"; Value = "MGremer"; VariantName = "[No Variations]"
Change component parameters (AddParameter): Name = "Created On"; Value = "14.12.2020 16:17:14"; VariantName = "[No Variations]"
Change component parameters (AddParameter): Name = "Device Package"; Value = "0603"; VariantName = "[No Variations]"
Change component parameters (AddParameter): Name = "Last Updated"; Value = "02.03.2021 14:07:32"; VariantName = "[No Variations]"
Change component parameters (AddParameter): Name = "Live Cycle Status"; Value = "1"; VariantName = "[No Variations]"
Change component parameters (AddParameter): Name = "Manufacturer"; Value = "KOA Speer"; VariantName = "[No Variations]"
Change component parameters (AddParameter): Name = "Manufacturer Part Number"; Value = "RK73B1JTTDD2R7J"; VariantName = "[No Variations]"
Change component parameters (AddParameter): Name = "Mounting Type"; Value = "SMD"; VariantName = "[No Variations]"
Change component parameters (AddParameter): Name = "PartID"; Value = "12"; VariantName = "[No Variations]"
Change component parameters (AddParameter): Name = "Stock number"; Value = "Labor SMD Container"; VariantName = "[No Variations]"
Change component parameters (AddParameter): Name = "Supplier 1"; Value = "Mouser"; VariantName = "[No Variations]"
Change component parameters (AddParameter): Name = "Supplier Part Number 1"; Value = "660-RK73B1JTTDD2R7J"; VariantName = "[No Variations]"
Change component parameters (AddParameter): Name = "Tolerance"; Value = "5%"; VariantName = "[No Variations]"
Change component parameters (AddParameter): Name = "Type"; Value = "Resistor"; VariantName = "[No Variations]"
Change component parameters (AddParameter): Name = "Value"; Value = "2.7R"; VariantName = "[No Variations]"
Change component parameters: Designator = "U17A" ("U1"); Footprint = "SOIC-16"; UniqueID = "\1UVWUVFXH\BJXBDWBW" ("\1UVWUVFXH\BJXBDWBW")
Change component parameters: Designator = "U17B" ("U1"); Footprint = "SOIC-16"; UniqueID = "\2UVWUVFXH\BJXBDWBW" ("\2UVWUVFXH\BJXBDWBW")
Change component parameters: Designator = "U17C" ("U1"); Footprint = "SOIC-16"; UniqueID = "\3UVWUVFXH\BJXBDWBW" ("\3UVWUVFXH\BJXBDWBW")
Add Component: Footprint Not Found C_0603
Add Component: Footprint Not Found C_0603
Add Component: Footprint Not Found C_0603
Add Component: Footprint Not Found C_0805
Add Component: Footprint Not Found C_0805
Add Component: Footprint Not Found C_0805
Add Component: Footprint Not Found C_0805
Add Component: Footprint Not Found C_0805
Add Component: Footprint Not Found C_0805
Add Component: Footprint Not Found C_0603
Add Component: Footprint Not Found C_0603
Add Component: Footprint Not Found C_0603
Add Component: Footprint Not Found C_0603
Add Component: Footprint Not Found C_0603
Add Component: Footprint Not Found C_0603
Add Component: Footprint Not Found C_0603
Add Component: Footprint Not Found C_0603
Add Component: Footprint Not Found C_0603
Add Component: Footprint Not Found C_0603
Add Component: Footprint Not Found C_0603
Add Component: Footprint Not Found C_0603
Added Component: Designator=D4A(FP-GF1M-E3-67A-MFG)
Add component (AddParameter): Name = "Automotive"; Value = "No"; VariantName = "[No Variations]"
Add component (AddParameter): Name = "Capacitance"; Value = "15pF"; VariantName = "[No Variations]"
Add component (AddParameter): Name = "Category"; Value = "Diode"; VariantName = "[No Variations]"
Add component (AddParameter): Name = "ComponentLink2Description"; Value = "Datasheet"; VariantName = "[No Variations]"
Add component (AddParameter): Name = "ComponentLink2URL"; Value = "http://www.vishay.com/docs/88617/gf1.pdf"; VariantName = "[No Variations]"
Add component (AddParameter): Name = "Device Class L1"; Value = "Discrete Semiconductors"; VariantName = "[No Variations]"
Add component (AddParameter): Name = "Device Class L2"; Value = "Diodes"; VariantName = "[No Variations]"
Add component (AddParameter): Name = "Device Class L3"; Value = "Rectifier Diodes"; VariantName = "[No Variations]"
Add component (AddParameter): Name = "Digikey Description"; Value = "DIODE GEN PURP 1KV 1A DO214BA"; VariantName = "[No Variations]"
Add component (AddParameter): Name = "Forward Current"; Value = "1A"; VariantName = "[No Variations]"
Add component (AddParameter): Name = "Height"; Value = "3mm"; VariantName = "[No Variations]"
Add component (AddParameter): Name = "Lead Free"; Value = "Yes"; VariantName = "[No Variations]"
Add component (AddParameter): Name = "Manufacturer"; Value = "Vishay"; VariantName = "[No Variations]"
Add component (AddParameter): Name = "Manufacturer Part Number"; Value = "GF1M-E3/67A"; VariantName = "[No Variations]"
Add component (AddParameter): Name = "Max Junction Temp"; Value = "+175°C"; VariantName = "[No Variations]"
Add component (AddParameter): Name = "Max Repetitive Reverse Voltage"; Value = "1000V"; VariantName = "[No Variations]"
Add component (AddParameter): Name = "Max Surge Forward Current"; Value = "30A"; VariantName = "[No Variations]"
Add component (AddParameter): Name = "Mouser Description"; Value = "On a Reel of 1500, Vishay 1000V 1A, Silicon Junction Diode, 2-Pin DO-214BA GF1M-E3/67A"; VariantName = "[No Variations]"
Add component (AddParameter): Name = "Octopart"; Value = "https://octopart.com/gf1m-e3%2F67a-vishay-42065886"; VariantName = "[No Variations]"
Add component (AddParameter): Name = "Package"; Value = "0"; VariantName = "[No Variations]"
Add component (AddParameter): Name = "Peak Reverse Current"; Value = "5uA"; VariantName = "[No Variations]"
Add component (AddParameter): Name = "RoHS"; Value = "TRUE"; VariantName = "[No Variations]"
Add component (AddParameter): Name = "Standoff Height"; Value = "0.152mm"; VariantName = "[No Variations]"
Add component (AddParameter): Name = "Temperature"; Value = "-65°C to +175°C"; VariantName = "[No Variations]"
Add component (AddParameter): Name = "Temperature Range High"; Value = "+175°C"; VariantName = "[No Variations]"
Add component (AddParameter): Name = "Temperature Range Low"; Value = "-65°C"; VariantName = "[No Variations]"
Add component (AddParameter): Name = "Value"; Value = "15pF"; VariantName = "[No Variations]"
Added Component: Designator=D4B(FP-GF1M-E3-67A-MFG)
Add component (AddParameter): Name = "Automotive"; Value = "No"; VariantName = "[No Variations]"
Add component (AddParameter): Name = "Capacitance"; Value = "15pF"; VariantName = "[No Variations]"
Add component (AddParameter): Name = "Category"; Value = "Diode"; VariantName = "[No Variations]"
Add component (AddParameter): Name = "ComponentLink2Description"; Value = "Datasheet"; VariantName = "[No Variations]"
Add component (AddParameter): Name = "ComponentLink2URL"; Value = "http://www.vishay.com/docs/88617/gf1.pdf"; VariantName = "[No Variations]"
Add component (AddParameter): Name = "Device Class L1"; Value = "Discrete Semiconductors"; VariantName = "[No Variations]"
Add component (AddParameter): Name = "Device Class L2"; Value = "Diodes"; VariantName = "[No Variations]"
Add component (AddParameter): Name = "Device Class L3"; Value = "Rectifier Diodes"; VariantName = "[No Variations]"
Add component (AddParameter): Name = "Digikey Description"; Value = "DIODE GEN PURP 1KV 1A DO214BA"; VariantName = "[No Variations]"
Add component (AddParameter): Name = "Forward Current"; Value = "1A"; VariantName = "[No Variations]"
Add component (AddParameter): Name = "Height"; Value = "3mm"; VariantName = "[No Variations]"
Add component (AddParameter): Name = "Lead Free"; Value = "Yes"; VariantName = "[No Variations]"
Add component (AddParameter): Name = "Manufacturer"; Value = "Vishay"; VariantName = "[No Variations]"
Add component (AddParameter): Name = "Manufacturer Part Number"; Value = "GF1M-E3/67A"; VariantName = "[No Variations]"
Add component (AddParameter): Name = "Max Junction Temp"; Value = "+175°C"; VariantName = "[No Variations]"
Add component (AddParameter): Name = "Max Repetitive Reverse Voltage"; Value = "1000V"; VariantName = "[No Variations]"
Add component (AddParameter): Name = "Max Surge Forward Current"; Value = "30A"; VariantName = "[No Variations]"
Add component (AddParameter): Name = "Mouser Description"; Value = "On a Reel of 1500, Vishay 1000V 1A, Silicon Junction Diode, 2-Pin DO-214BA GF1M-E3/67A"; VariantName = "[No Variations]"
Add component (AddParameter): Name = "Octopart"; Value = "https://octopart.com/gf1m-e3%2F67a-vishay-42065886"; VariantName = "[No Variations]"
Add component (AddParameter): Name = "Package"; Value = "0"; VariantName = "[No Variations]"
Add component (AddParameter): Name = "Peak Reverse Current"; Value = "5uA"; VariantName = "[No Variations]"
Add component (AddParameter): Name = "RoHS"; Value = "TRUE"; VariantName = "[No Variations]"
Add component (AddParameter): Name = "Standoff Height"; Value = "0.152mm"; VariantName = "[No Variations]"
Add component (AddParameter): Name = "Temperature"; Value = "-65°C to +175°C"; VariantName = "[No Variations]"
Add component (AddParameter): Name = "Temperature Range High"; Value = "+175°C"; VariantName = "[No Variations]"
Add component (AddParameter): Name = "Temperature Range Low"; Value = "-65°C"; VariantName = "[No Variations]"
Add component (AddParameter): Name = "Value"; Value = "15pF"; VariantName = "[No Variations]"
Added Component: Designator=D4C(FP-GF1M-E3-67A-MFG)
Add component (AddParameter): Name = "Automotive"; Value = "No"; VariantName = "[No Variations]"
Add component (AddParameter): Name = "Capacitance"; Value = "15pF"; VariantName = "[No Variations]"
Add component (AddParameter): Name = "Category"; Value = "Diode"; VariantName = "[No Variations]"
Add component (AddParameter): Name = "ComponentLink2Description"; Value = "Datasheet"; VariantName = "[No Variations]"
Add component (AddParameter): Name = "ComponentLink2URL"; Value = "http://www.vishay.com/docs/88617/gf1.pdf"; VariantName = "[No Variations]"
Add component (AddParameter): Name = "Device Class L1"; Value = "Discrete Semiconductors"; VariantName = "[No Variations]"
Add component (AddParameter): Name = "Device Class L2"; Value = "Diodes"; VariantName = "[No Variations]"
Add component (AddParameter): Name = "Device Class L3"; Value = "Rectifier Diodes"; VariantName = "[No Variations]"
Add component (AddParameter): Name = "Digikey Description"; Value = "DIODE GEN PURP 1KV 1A DO214BA"; VariantName = "[No Variations]"
Add component (AddParameter): Name = "Forward Current"; Value = "1A"; VariantName = "[No Variations]"
Add component (AddParameter): Name = "Height"; Value = "3mm"; VariantName = "[No Variations]"
Add component (AddParameter): Name = "Lead Free"; Value = "Yes"; VariantName = "[No Variations]"
Add component (AddParameter): Name = "Manufacturer"; Value = "Vishay"; VariantName = "[No Variations]"
Add component (AddParameter): Name = "Manufacturer Part Number"; Value = "GF1M-E3/67A"; VariantName = "[No Variations]"
Add component (AddParameter): Name = "Max Junction Temp"; Value = "+175°C"; VariantName = "[No Variations]"
Add component (AddParameter): Name = "Max Repetitive Reverse Voltage"; Value = "1000V"; VariantName = "[No Variations]"
Add component (AddParameter): Name = "Max Surge Forward Current"; Value = "30A"; VariantName = "[No Variations]"
Add component (AddParameter): Name = "Mouser Description"; Value = "On a Reel of 1500, Vishay 1000V 1A, Silicon Junction Diode, 2-Pin DO-214BA GF1M-E3/67A"; VariantName = "[No Variations]"
Add component (AddParameter): Name = "Octopart"; Value = "https://octopart.com/gf1m-e3%2F67a-vishay-42065886"; VariantName = "[No Variations]"
Add component (AddParameter): Name = "Package"; Value = "0"; VariantName = "[No Variations]"
Add component (AddParameter): Name = "Peak Reverse Current"; Value = "5uA"; VariantName = "[No Variations]"
Add component (AddParameter): Name = "RoHS"; Value = "TRUE"; VariantName = "[No Variations]"
Add component (AddParameter): Name = "Standoff Height"; Value = "0.152mm"; VariantName = "[No Variations]"
Add component (AddParameter): Name = "Temperature"; Value = "-65°C to +175°C"; VariantName = "[No Variations]"
Add component (AddParameter): Name = "Temperature Range High"; Value = "+175°C"; VariantName = "[No Variations]"
Add component (AddParameter): Name = "Temperature Range Low"; Value = "-65°C"; VariantName = "[No Variations]"
Add component (AddParameter): Name = "Value"; Value = "15pF"; VariantName = "[No Variations]"
Added Component: Designator=D5A(FP-GF1M-E3-67A-MFG)
Add component (AddParameter): Name = "Automotive"; Value = "No"; VariantName = "[No Variations]"
Add component (AddParameter): Name = "Capacitance"; Value = "15pF"; VariantName = "[No Variations]"
Add component (AddParameter): Name = "Category"; Value = "Diode"; VariantName = "[No Variations]"
Add component (AddParameter): Name = "ComponentLink2Description"; Value = "Datasheet"; VariantName = "[No Variations]"
Add component (AddParameter): Name = "ComponentLink2URL"; Value = "http://www.vishay.com/docs/88617/gf1.pdf"; VariantName = "[No Variations]"
Add component (AddParameter): Name = "Device Class L1"; Value = "Discrete Semiconductors"; VariantName = "[No Variations]"
Add component (AddParameter): Name = "Device Class L2"; Value = "Diodes"; VariantName = "[No Variations]"
Add component (AddParameter): Name = "Device Class L3"; Value = "Rectifier Diodes"; VariantName = "[No Variations]"
Add component (AddParameter): Name = "Digikey Description"; Value = "DIODE GEN PURP 1KV 1A DO214BA"; VariantName = "[No Variations]"
Add component (AddParameter): Name = "Forward Current"; Value = "1A"; VariantName = "[No Variations]"
Add component (AddParameter): Name = "Height"; Value = "3mm"; VariantName = "[No Variations]"
Add component (AddParameter): Name = "Lead Free"; Value = "Yes"; VariantName = "[No Variations]"
Add component (AddParameter): Name = "Manufacturer"; Value = "Vishay"; VariantName = "[No Variations]"
Add component (AddParameter): Name = "Manufacturer Part Number"; Value = "GF1M-E3/67A"; VariantName = "[No Variations]"
Add component (AddParameter): Name = "Max Junction Temp"; Value = "+175°C"; VariantName = "[No Variations]"
Add component (AddParameter): Name = "Max Repetitive Reverse Voltage"; Value = "1000V"; VariantName = "[No Variations]"
Add component (AddParameter): Name = "Max Surge Forward Current"; Value = "30A"; VariantName = "[No Variations]"
Add component (AddParameter): Name = "Mouser Description"; Value = "On a Reel of 1500, Vishay 1000V 1A, Silicon Junction Diode, 2-Pin DO-214BA GF1M-E3/67A"; VariantName = "[No Variations]"
Add component (AddParameter): Name = "Octopart"; Value = "https://octopart.com/gf1m-e3%2F67a-vishay-42065886"; VariantName = "[No Variations]"
Add component (AddParameter): Name = "Package"; Value = "0"; VariantName = "[No Variations]"
Add component (AddParameter): Name = "Peak Reverse Current"; Value = "5uA"; VariantName = "[No Variations]"
Add component (AddParameter): Name = "RoHS"; Value = "TRUE"; VariantName = "[No Variations]"
Add component (AddParameter): Name = "Standoff Height"; Value = "0.152mm"; VariantName = "[No Variations]"
Add component (AddParameter): Name = "Temperature"; Value = "-65°C to +175°C"; VariantName = "[No Variations]"
Add component (AddParameter): Name = "Temperature Range High"; Value = "+175°C"; VariantName = "[No Variations]"
Add component (AddParameter): Name = "Temperature Range Low"; Value = "-65°C"; VariantName = "[No Variations]"
Add component (AddParameter): Name = "Value"; Value = "15pF"; VariantName = "[No Variations]"
Added Component: Designator=D5B(FP-GF1M-E3-67A-MFG)
Add component (AddParameter): Name = "Automotive"; Value = "No"; VariantName = "[No Variations]"
Add component (AddParameter): Name = "Capacitance"; Value = "15pF"; VariantName = "[No Variations]"
Add component (AddParameter): Name = "Category"; Value = "Diode"; VariantName = "[No Variations]"
Add component (AddParameter): Name = "ComponentLink2Description"; Value = "Datasheet"; VariantName = "[No Variations]"
Add component (AddParameter): Name = "ComponentLink2URL"; Value = "http://www.vishay.com/docs/88617/gf1.pdf"; VariantName = "[No Variations]"
Add component (AddParameter): Name = "Device Class L1"; Value = "Discrete Semiconductors"; VariantName = "[No Variations]"
Add component (AddParameter): Name = "Device Class L2"; Value = "Diodes"; VariantName = "[No Variations]"
Add component (AddParameter): Name = "Device Class L3"; Value = "Rectifier Diodes"; VariantName = "[No Variations]"
Add component (AddParameter): Name = "Digikey Description"; Value = "DIODE GEN PURP 1KV 1A DO214BA"; VariantName = "[No Variations]"
Add component (AddParameter): Name = "Forward Current"; Value = "1A"; VariantName = "[No Variations]"
Add component (AddParameter): Name = "Height"; Value = "3mm"; VariantName = "[No Variations]"
Add component (AddParameter): Name = "Lead Free"; Value = "Yes"; VariantName = "[No Variations]"
Add component (AddParameter): Name = "Manufacturer"; Value = "Vishay"; VariantName = "[No Variations]"
Add component (AddParameter): Name = "Manufacturer Part Number"; Value = "GF1M-E3/67A"; VariantName = "[No Variations]"
Add component (AddParameter): Name = "Max Junction Temp"; Value = "+175°C"; VariantName = "[No Variations]"
Add component (AddParameter): Name = "Max Repetitive Reverse Voltage"; Value = "1000V"; VariantName = "[No Variations]"
Add component (AddParameter): Name = "Max Surge Forward Current"; Value = "30A"; VariantName = "[No Variations]"
Add component (AddParameter): Name = "Mouser Description"; Value = "On a Reel of 1500, Vishay 1000V 1A, Silicon Junction Diode, 2-Pin DO-214BA GF1M-E3/67A"; VariantName = "[No Variations]"
Add component (AddParameter): Name = "Octopart"; Value = "https://octopart.com/gf1m-e3%2F67a-vishay-42065886"; VariantName = "[No Variations]"
Add component (AddParameter): Name = "Package"; Value = "0"; VariantName = "[No Variations]"
Add component (AddParameter): Name = "Peak Reverse Current"; Value = "5uA"; VariantName = "[No Variations]"
Add component (AddParameter): Name = "RoHS"; Value = "TRUE"; VariantName = "[No Variations]"
Add component (AddParameter): Name = "Standoff Height"; Value = "0.152mm"; VariantName = "[No Variations]"
Add component (AddParameter): Name = "Temperature"; Value = "-65°C to +175°C"; VariantName = "[No Variations]"
Add component (AddParameter): Name = "Temperature Range High"; Value = "+175°C"; VariantName = "[No Variations]"
Add component (AddParameter): Name = "Temperature Range Low"; Value = "-65°C"; VariantName = "[No Variations]"
Add component (AddParameter): Name = "Value"; Value = "15pF"; VariantName = "[No Variations]"
Added Component: Designator=D5C(FP-GF1M-E3-67A-MFG)
Add component (AddParameter): Name = "Automotive"; Value = "No"; VariantName = "[No Variations]"
Add component (AddParameter): Name = "Capacitance"; Value = "15pF"; VariantName = "[No Variations]"
Add component (AddParameter): Name = "Category"; Value = "Diode"; VariantName = "[No Variations]"
Add component (AddParameter): Name = "ComponentLink2Description"; Value = "Datasheet"; VariantName = "[No Variations]"
Add component (AddParameter): Name = "ComponentLink2URL"; Value = "http://www.vishay.com/docs/88617/gf1.pdf"; VariantName = "[No Variations]"
Add component (AddParameter): Name = "Device Class L1"; Value = "Discrete Semiconductors"; VariantName = "[No Variations]"
Add component (AddParameter): Name = "Device Class L2"; Value = "Diodes"; VariantName = "[No Variations]"
Add component (AddParameter): Name = "Device Class L3"; Value = "Rectifier Diodes"; VariantName = "[No Variations]"
Add component (AddParameter): Name = "Digikey Description"; Value = "DIODE GEN PURP 1KV 1A DO214BA"; VariantName = "[No Variations]"
Add component (AddParameter): Name = "Forward Current"; Value = "1A"; VariantName = "[No Variations]"
Add component (AddParameter): Name = "Height"; Value = "3mm"; VariantName = "[No Variations]"
Add component (AddParameter): Name = "Lead Free"; Value = "Yes"; VariantName = "[No Variations]"
Add component (AddParameter): Name = "Manufacturer"; Value = "Vishay"; VariantName = "[No Variations]"
Add component (AddParameter): Name = "Manufacturer Part Number"; Value = "GF1M-E3/67A"; VariantName = "[No Variations]"
Add component (AddParameter): Name = "Max Junction Temp"; Value = "+175°C"; VariantName = "[No Variations]"
Add component (AddParameter): Name = "Max Repetitive Reverse Voltage"; Value = "1000V"; VariantName = "[No Variations]"
Add component (AddParameter): Name = "Max Surge Forward Current"; Value = "30A"; VariantName = "[No Variations]"
Add component (AddParameter): Name = "Mouser Description"; Value = "On a Reel of 1500, Vishay 1000V 1A, Silicon Junction Diode, 2-Pin DO-214BA GF1M-E3/67A"; VariantName = "[No Variations]"
Add component (AddParameter): Name = "Octopart"; Value = "https://octopart.com/gf1m-e3%2F67a-vishay-42065886"; VariantName = "[No Variations]"
Add component (AddParameter): Name = "Package"; Value = "0"; VariantName = "[No Variations]"
Add component (AddParameter): Name = "Peak Reverse Current"; Value = "5uA"; VariantName = "[No Variations]"
Add component (AddParameter): Name = "RoHS"; Value = "TRUE"; VariantName = "[No Variations]"
Add component (AddParameter): Name = "Standoff Height"; Value = "0.152mm"; VariantName = "[No Variations]"
Add component (AddParameter): Name = "Temperature"; Value = "-65°C to +175°C"; VariantName = "[No Variations]"
Add component (AddParameter): Name = "Temperature Range High"; Value = "+175°C"; VariantName = "[No Variations]"
Add component (AddParameter): Name = "Temperature Range Low"; Value = "-65°C"; VariantName = "[No Variations]"
Add component (AddParameter): Name = "Value"; Value = "15pF"; VariantName = "[No Variations]"
Add Component: Footprint Not Found INDC1608X95N
Add Component: Footprint Not Found INDC1608X95N
Add Component: Footprint Not Found INDC1608X95N
Add Component: Footprint Not Found TP_1mm
Add Component: Footprint Not Found TP_1mm
Add Component: Footprint Not Found TP_1mm
Add Component: Footprint Not Found TP_1mm
Add Component: Footprint Not Found TP_1mm
Add Component: Footprint Not Found TP_1mm
Add Component: Footprint Not Found PDSE1S24S12MTR
Add Component: Footprint Not Found PDSE1S24S12MTR
Add Component: Footprint Not Found PDSE1S24S12MTR
Added Component: Designator=PS5A(SON65P200X200X80-7N)
Add component (AddParameter): Name = "Category"; Value = "Voltage Regulators - Linear"; VariantName = "[No Variations]"
Add component (AddParameter): Name = "Manufacturer"; Value = "ON Semiconductor"; VariantName = "[No Variations]"
Add component (AddParameter): Name = "Manufacturer Part Number"; Value = "NCP730BMT500TBG"; VariantName = "[No Variations]"
Add component (AddParameter): Name = "Pricing 1"; Value = "1=1,12000, 10=1,00200, 25=0,95080, 100=0,78090, 250=0,72996, 500=0,64508, 1000=0,50928 (USD)"; VariantName = "[No Variations]"
Add component (AddParameter): Name = "RoHS"; Value = "Yes"; VariantName = "[No Variations]"
Add component (AddParameter): Name = "Stock 1"; Value = "2129"; VariantName = "[No Variations]"
Add component (AddParameter): Name = "Supplier 1"; Value = "Digi-Key"; VariantName = "[No Variations]"
Add component (AddParameter): Name = "Supplier 2"; Value = "Mouser"; VariantName = "[No Variations]"
Add component (AddParameter): Name = "Supplier Part Number 1"; Value = "488-NCP730BMT500TBGCT-ND"; VariantName = "[No Variations]"
Add component (AddParameter): Name = "Supplier Part Number 2"; Value = "863-NCP730BMT500TBG"; VariantName = "[No Variations]"
Added Component: Designator=PS5B(SON65P200X200X80-7N)
Add component (AddParameter): Name = "Category"; Value = "Voltage Regulators - Linear"; VariantName = "[No Variations]"
Add component (AddParameter): Name = "Manufacturer"; Value = "ON Semiconductor"; VariantName = "[No Variations]"
Add component (AddParameter): Name = "Manufacturer Part Number"; Value = "NCP730BMT500TBG"; VariantName = "[No Variations]"
Add component (AddParameter): Name = "Pricing 1"; Value = "1=1,12000, 10=1,00200, 25=0,95080, 100=0,78090, 250=0,72996, 500=0,64508, 1000=0,50928 (USD)"; VariantName = "[No Variations]"
Add component (AddParameter): Name = "RoHS"; Value = "Yes"; VariantName = "[No Variations]"
Add component (AddParameter): Name = "Stock 1"; Value = "2129"; VariantName = "[No Variations]"
Add component (AddParameter): Name = "Supplier 1"; Value = "Digi-Key"; VariantName = "[No Variations]"
Add component (AddParameter): Name = "Supplier 2"; Value = "Mouser"; VariantName = "[No Variations]"
Add component (AddParameter): Name = "Supplier Part Number 1"; Value = "488-NCP730BMT500TBGCT-ND"; VariantName = "[No Variations]"
Add component (AddParameter): Name = "Supplier Part Number 2"; Value = "863-NCP730BMT500TBG"; VariantName = "[No Variations]"
Added Component: Designator=PS5C(SON65P200X200X80-7N)
Add component (AddParameter): Name = "Category"; Value = "Voltage Regulators - Linear"; VariantName = "[No Variations]"
Add component (AddParameter): Name = "Manufacturer"; Value = "ON Semiconductor"; VariantName = "[No Variations]"
Add component (AddParameter): Name = "Manufacturer Part Number"; Value = "NCP730BMT500TBG"; VariantName = "[No Variations]"
Add component (AddParameter): Name = "Pricing 1"; Value = "1=1,12000, 10=1,00200, 25=0,95080, 100=0,78090, 250=0,72996, 500=0,64508, 1000=0,50928 (USD)"; VariantName = "[No Variations]"
Add component (AddParameter): Name = "RoHS"; Value = "Yes"; VariantName = "[No Variations]"
Add component (AddParameter): Name = "Stock 1"; Value = "2129"; VariantName = "[No Variations]"
Add component (AddParameter): Name = "Supplier 1"; Value = "Digi-Key"; VariantName = "[No Variations]"
Add component (AddParameter): Name = "Supplier 2"; Value = "Mouser"; VariantName = "[No Variations]"
Add component (AddParameter): Name = "Supplier Part Number 1"; Value = "488-NCP730BMT500TBGCT-ND"; VariantName = "[No Variations]"
Add component (AddParameter): Name = "Supplier Part Number 2"; Value = "863-NCP730BMT500TBG"; VariantName = "[No Variations]"
Added Component: Designator=Q1A(D0606F_100V)
Add component (AddParameter): Name = "EPC Part Number"; Value = "EPC2302"; VariantName = "[No Variations]"
Add component (AddParameter): Name = "F31"; Value = ""; VariantName = "[No Variations]"
Add component (AddParameter): Name = "MFG"; Value = "EPC"; VariantName = "[No Variations]"
Add component (AddParameter): Name = "MFGPN"; Value = "EPC2302"; VariantName = "[No Variations]"
Add component (AddParameter): Name = "Name"; Value = "Bellini"; VariantName = "[No Variations]"
Add component (AddParameter): Name = "Part Number"; Value = "EPC2302"; VariantName = "[No Variations]"
Add component (AddParameter): Name = "QSGdescript"; Value = "100V 101A 1.9mE"; VariantName = "[No Variations]"
Add component (AddParameter): Name = "SchDescript"; Value = "100V 101A 1.9mE"; VariantName = "[No Variations]"
Add component (AddParameter): Name = "Status"; Value = "Released"; VariantName = "[No Variations]"
Add component (AddParameter): Name = "Supplier 1"; Value = "Digi-Key"; VariantName = "[No Variations]"
Add component (AddParameter): Name = "Supplier 2"; Value = "Digi-Key"; VariantName = "[No Variations]"
Add component (AddParameter): Name = "Supplier 3"; Value = "Digi-Key"; VariantName = "[No Variations]"
Add component (AddParameter): Name = "Supplier 4"; Value = ""; VariantName = "[No Variations]"
Add component (AddParameter): Name = "Supplier 5"; Value = ""; VariantName = "[No Variations]"
Add component (AddParameter): Name = "Supplier 6"; Value = ""; VariantName = "[No Variations]"
Add component (AddParameter): Name = "Supplier Part Number 1"; Value = "917-EPC2302TR-ND"; VariantName = "[No Variations]"
Add component (AddParameter): Name = "Supplier Part Number 2"; Value = "917-EPC2302CT-ND"; VariantName = "[No Variations]"
Add component (AddParameter): Name = "Supplier Part Number 3"; Value = "917-EPC2302DKR-ND"; VariantName = "[No Variations]"
Add component (AddParameter): Name = "Supplier Part Number 4"; Value = ""; VariantName = "[No Variations]"
Add component (AddParameter): Name = "Supplier Part Number 5"; Value = ""; VariantName = "[No Variations]"
Add component (AddParameter): Name = "Supplier Part Number 6"; Value = ""; VariantName = "[No Variations]"
Added Component: Designator=Q1B(D0606F_100V)
Add component (AddParameter): Name = "EPC Part Number"; Value = "EPC2302"; VariantName = "[No Variations]"
Add component (AddParameter): Name = "F31"; Value = ""; VariantName = "[No Variations]"
Add component (AddParameter): Name = "MFG"; Value = "EPC"; VariantName = "[No Variations]"
Add component (AddParameter): Name = "MFGPN"; Value = "EPC2302"; VariantName = "[No Variations]"
Add component (AddParameter): Name = "Name"; Value = "Bellini"; VariantName = "[No Variations]"
Add component (AddParameter): Name = "Part Number"; Value = "EPC2302"; VariantName = "[No Variations]"
Add component (AddParameter): Name = "QSGdescript"; Value = "100V 101A 1.9mE"; VariantName = "[No Variations]"
Add component (AddParameter): Name = "SchDescript"; Value = "100V 101A 1.9mE"; VariantName = "[No Variations]"
Add component (AddParameter): Name = "Status"; Value = "Released"; VariantName = "[No Variations]"
Add component (AddParameter): Name = "Supplier 1"; Value = "Digi-Key"; VariantName = "[No Variations]"
Add component (AddParameter): Name = "Supplier 2"; Value = "Digi-Key"; VariantName = "[No Variations]"
Add component (AddParameter): Name = "Supplier 3"; Value = "Digi-Key"; VariantName = "[No Variations]"
Add component (AddParameter): Name = "Supplier 4"; Value = ""; VariantName = "[No Variations]"
Add component (AddParameter): Name = "Supplier 5"; Value = ""; VariantName = "[No Variations]"
Add component (AddParameter): Name = "Supplier 6"; Value = ""; VariantName = "[No Variations]"
Add component (AddParameter): Name = "Supplier Part Number 1"; Value = "917-EPC2302TR-ND"; VariantName = "[No Variations]"
Add component (AddParameter): Name = "Supplier Part Number 2"; Value = "917-EPC2302CT-ND"; VariantName = "[No Variations]"
Add component (AddParameter): Name = "Supplier Part Number 3"; Value = "917-EPC2302DKR-ND"; VariantName = "[No Variations]"
Add component (AddParameter): Name = "Supplier Part Number 4"; Value = ""; VariantName = "[No Variations]"
Add component (AddParameter): Name = "Supplier Part Number 5"; Value = ""; VariantName = "[No Variations]"
Add component (AddParameter): Name = "Supplier Part Number 6"; Value = ""; VariantName = "[No Variations]"
Added Component: Designator=Q1C(D0606F_100V)
Add component (AddParameter): Name = "EPC Part Number"; Value = "EPC2302"; VariantName = "[No Variations]"
Add component (AddParameter): Name = "F31"; Value = ""; VariantName = "[No Variations]"
Add component (AddParameter): Name = "MFG"; Value = "EPC"; VariantName = "[No Variations]"
Add component (AddParameter): Name = "MFGPN"; Value = "EPC2302"; VariantName = "[No Variations]"
Add component (AddParameter): Name = "Name"; Value = "Bellini"; VariantName = "[No Variations]"
Add component (AddParameter): Name = "Part Number"; Value = "EPC2302"; VariantName = "[No Variations]"
Add component (AddParameter): Name = "QSGdescript"; Value = "100V 101A 1.9mE"; VariantName = "[No Variations]"
Add component (AddParameter): Name = "SchDescript"; Value = "100V 101A 1.9mE"; VariantName = "[No Variations]"
Add component (AddParameter): Name = "Status"; Value = "Released"; VariantName = "[No Variations]"
Add component (AddParameter): Name = "Supplier 1"; Value = "Digi-Key"; VariantName = "[No Variations]"
Add component (AddParameter): Name = "Supplier 2"; Value = "Digi-Key"; VariantName = "[No Variations]"
Add component (AddParameter): Name = "Supplier 3"; Value = "Digi-Key"; VariantName = "[No Variations]"
Add component (AddParameter): Name = "Supplier 4"; Value = ""; VariantName = "[No Variations]"
Add component (AddParameter): Name = "Supplier 5"; Value = ""; VariantName = "[No Variations]"
Add component (AddParameter): Name = "Supplier 6"; Value = ""; VariantName = "[No Variations]"
Add component (AddParameter): Name = "Supplier Part Number 1"; Value = "917-EPC2302TR-ND"; VariantName = "[No Variations]"
Add component (AddParameter): Name = "Supplier Part Number 2"; Value = "917-EPC2302CT-ND"; VariantName = "[No Variations]"
Add component (AddParameter): Name = "Supplier Part Number 3"; Value = "917-EPC2302DKR-ND"; VariantName = "[No Variations]"
Add component (AddParameter): Name = "Supplier Part Number 4"; Value = ""; VariantName = "[No Variations]"
Add component (AddParameter): Name = "Supplier Part Number 5"; Value = ""; VariantName = "[No Variations]"
Add component (AddParameter): Name = "Supplier Part Number 6"; Value = ""; VariantName = "[No Variations]"
Added Component: Designator=Q2A(D0606F_100V)
Add component (AddParameter): Name = "EPC Part Number"; Value = "EPC2302"; VariantName = "[No Variations]"
Add component (AddParameter): Name = "F31"; Value = ""; VariantName = "[No Variations]"
Add component (AddParameter): Name = "MFG"; Value = "EPC"; VariantName = "[No Variations]"
Add component (AddParameter): Name = "MFGPN"; Value = "EPC2302"; VariantName = "[No Variations]"
Add component (AddParameter): Name = "Name"; Value = "Bellini"; VariantName = "[No Variations]"
Add component (AddParameter): Name = "Part Number"; Value = "EPC2302"; VariantName = "[No Variations]"
Add component (AddParameter): Name = "QSGdescript"; Value = "100V 101A 1.9mE"; VariantName = "[No Variations]"
Add component (AddParameter): Name = "SchDescript"; Value = "100V 101A 1.9mE"; VariantName = "[No Variations]"
Add component (AddParameter): Name = "Status"; Value = "Released"; VariantName = "[No Variations]"
Add component (AddParameter): Name = "Supplier 1"; Value = "Digi-Key"; VariantName = "[No Variations]"
Add component (AddParameter): Name = "Supplier 2"; Value = "Digi-Key"; VariantName = "[No Variations]"
Add component (AddParameter): Name = "Supplier 3"; Value = "Digi-Key"; VariantName = "[No Variations]"
Add component (AddParameter): Name = "Supplier 4"; Value = ""; VariantName = "[No Variations]"
Add component (AddParameter): Name = "Supplier 5"; Value = ""; VariantName = "[No Variations]"
Add component (AddParameter): Name = "Supplier 6"; Value = ""; VariantName = "[No Variations]"
Add component (AddParameter): Name = "Supplier Part Number 1"; Value = "917-EPC2302TR-ND"; VariantName = "[No Variations]"
Add component (AddParameter): Name = "Supplier Part Number 2"; Value = "917-EPC2302CT-ND"; VariantName = "[No Variations]"
Add component (AddParameter): Name = "Supplier Part Number 3"; Value = "917-EPC2302DKR-ND"; VariantName = "[No Variations]"
Add component (AddParameter): Name = "Supplier Part Number 4"; Value = ""; VariantName = "[No Variations]"
Add component (AddParameter): Name = "Supplier Part Number 5"; Value = ""; VariantName = "[No Variations]"
Add component (AddParameter): Name = "Supplier Part Number 6"; Value = ""; VariantName = "[No Variations]"
Added Component: Designator=Q2B(D0606F_100V)
Add component (AddParameter): Name = "EPC Part Number"; Value = "EPC2302"; VariantName = "[No Variations]"
Add component (AddParameter): Name = "F31"; Value = ""; VariantName = "[No Variations]"
Add component (AddParameter): Name = "MFG"; Value = "EPC"; VariantName = "[No Variations]"
Add component (AddParameter): Name = "MFGPN"; Value = "EPC2302"; VariantName = "[No Variations]"
Add component (AddParameter): Name = "Name"; Value = "Bellini"; VariantName = "[No Variations]"
Add component (AddParameter): Name = "Part Number"; Value = "EPC2302"; VariantName = "[No Variations]"
Add component (AddParameter): Name = "QSGdescript"; Value = "100V 101A 1.9mE"; VariantName = "[No Variations]"
Add component (AddParameter): Name = "SchDescript"; Value = "100V 101A 1.9mE"; VariantName = "[No Variations]"
Add component (AddParameter): Name = "Status"; Value = "Released"; VariantName = "[No Variations]"
Add component (AddParameter): Name = "Supplier 1"; Value = "Digi-Key"; VariantName = "[No Variations]"
Add component (AddParameter): Name = "Supplier 2"; Value = "Digi-Key"; VariantName = "[No Variations]"
Add component (AddParameter): Name = "Supplier 3"; Value = "Digi-Key"; VariantName = "[No Variations]"
Add component (AddParameter): Name = "Supplier 4"; Value = ""; VariantName = "[No Variations]"
Add component (AddParameter): Name = "Supplier 5"; Value = ""; VariantName = "[No Variations]"
Add component (AddParameter): Name = "Supplier 6"; Value = ""; VariantName = "[No Variations]"
Add component (AddParameter): Name = "Supplier Part Number 1"; Value = "917-EPC2302TR-ND"; VariantName = "[No Variations]"
Add component (AddParameter): Name = "Supplier Part Number 2"; Value = "917-EPC2302CT-ND"; VariantName = "[No Variations]"
Add component (AddParameter): Name = "Supplier Part Number 3"; Value = "917-EPC2302DKR-ND"; VariantName = "[No Variations]"
Add component (AddParameter): Name = "Supplier Part Number 4"; Value = ""; VariantName = "[No Variations]"
Add component (AddParameter): Name = "Supplier Part Number 5"; Value = ""; VariantName = "[No Variations]"
Add component (AddParameter): Name = "Supplier Part Number 6"; Value = ""; VariantName = "[No Variations]"
Added Component: Designator=Q2C(D0606F_100V)
Add component (AddParameter): Name = "EPC Part Number"; Value = "EPC2302"; VariantName = "[No Variations]"
Add component (AddParameter): Name = "F31"; Value = ""; VariantName = "[No Variations]"
Add component (AddParameter): Name = "MFG"; Value = "EPC"; VariantName = "[No Variations]"
Add component (AddParameter): Name = "MFGPN"; Value = "EPC2302"; VariantName = "[No Variations]"
Add component (AddParameter): Name = "Name"; Value = "Bellini"; VariantName = "[No Variations]"
Add component (AddParameter): Name = "Part Number"; Value = "EPC2302"; VariantName = "[No Variations]"
Add component (AddParameter): Name = "QSGdescript"; Value = "100V 101A 1.9mE"; VariantName = "[No Variations]"
Add component (AddParameter): Name = "SchDescript"; Value = "100V 101A 1.9mE"; VariantName = "[No Variations]"
Add component (AddParameter): Name = "Status"; Value = "Released"; VariantName = "[No Variations]"
Add component (AddParameter): Name = "Supplier 1"; Value = "Digi-Key"; VariantName = "[No Variations]"
Add component (AddParameter): Name = "Supplier 2"; Value = "Digi-Key"; VariantName = "[No Variations]"
Add component (AddParameter): Name = "Supplier 3"; Value = "Digi-Key"; VariantName = "[No Variations]"
Add component (AddParameter): Name = "Supplier 4"; Value = ""; VariantName = "[No Variations]"
Add component (AddParameter): Name = "Supplier 5"; Value = ""; VariantName = "[No Variations]"
Add component (AddParameter): Name = "Supplier 6"; Value = ""; VariantName = "[No Variations]"
Add component (AddParameter): Name = "Supplier Part Number 1"; Value = "917-EPC2302TR-ND"; VariantName = "[No Variations]"
Add component (AddParameter): Name = "Supplier Part Number 2"; Value = "917-EPC2302CT-ND"; VariantName = "[No Variations]"
Add component (AddParameter): Name = "Supplier Part Number 3"; Value = "917-EPC2302DKR-ND"; VariantName = "[No Variations]"
Add component (AddParameter): Name = "Supplier Part Number 4"; Value = ""; VariantName = "[No Variations]"
Add component (AddParameter): Name = "Supplier Part Number 5"; Value = ""; VariantName = "[No Variations]"
Add component (AddParameter): Name = "Supplier Part Number 6"; Value = ""; VariantName = "[No Variations]"
Add Component: Footprint Not Found RES 0603_1608
Add Component: Footprint Not Found RES 0603_1608
Add Component: Footprint Not Found RES 0603_1608
Added Component: Designator=U10A(SOIC-16)
Add component (AddParameter): Name = "Case/Package"; Value = "SOIC"; VariantName = "[No Variations]"
Add component (AddParameter): Name = "Category"; Value = "Interface ICs"; VariantName = "[No Variations]"
Add component (AddParameter): Name = "Channel Type"; Value = "Unidirectional"; VariantName = "[No Variations]"
Add component (AddParameter): Name = "ComponentLink1Description"; Value = "https://datasheets.maximintegrated.com/en/ds/MAX14130-MAX14932.pdf?src-supplier=Digi-Key"; VariantName = "[No Variations]"
Add component (AddParameter): Name = "ComponentLink1URL"; Value = "https://datasheets.maximintegrated.com/en/ds/MAX14130-MAX14932.pdf?src-supplier=Digi-Key"; VariantName = "[No Variations]"
Add component (AddParameter): Name = "Data Rate"; Value = "150Mbps"; VariantName = "[No Variations]"
Add component (AddParameter): Name = "Isolated Power"; Value = "No"; VariantName = "[No Variations]"
Add component (AddParameter): Name = "Manufacturer"; Value = "Maxim"; VariantName = "[No Variations]"
Add component (AddParameter): Name = "Manufacturer Part Number"; Value = "MAX14931FAWE+"; VariantName = "[No Variations]"
Add component (AddParameter): Name = "Max Operating Temperature"; Value = "125°C"; VariantName = "[No Variations]"
Add component (AddParameter): Name = "Min Operating Temperature"; Value = "-40°C"; VariantName = "[No Variations]"
Add component (AddParameter): Name = "Number of Channels"; Value = "4"; VariantName = "[No Variations]"
Add component (AddParameter): Name = "Packaging"; Value = "Rail/Tube"; VariantName = "[No Variations]"
Add component (AddParameter): Name = "Pricing 1"; Value = "138=3,67000 (EUR)"; VariantName = "[No Variations]"
Add component (AddParameter): Name = "Propagation Delay"; Value = "7.4ns"; VariantName = "[No Variations]"
Add component (AddParameter): Name = "Pulse Width Distortion (PWD)"; Value = "1ns"; VariantName = "[No Variations]"
Add component (AddParameter): Name = "RoHS"; Value = "Yes"; VariantName = "[No Variations]"
Add component (AddParameter): Name = "RoHS Compliant"; Value = "Yes"; VariantName = "[No Variations]"
Add component (AddParameter): Name = "Supplier 1"; Value = "Mouser"; VariantName = "[No Variations]"
Add component (AddParameter): Name = "Supplier Part Number 1"; Value = "700-MAX14931FAWE+"; VariantName = "[No Variations]"
Add component (AddParameter): Name = "Type"; Value = "General Purpose"; VariantName = "[No Variations]"
Added Component: Designator=U10B(SOIC-16)
Add component (AddParameter): Name = "Case/Package"; Value = "SOIC"; VariantName = "[No Variations]"
Add component (AddParameter): Name = "Category"; Value = "Interface ICs"; VariantName = "[No Variations]"
Add component (AddParameter): Name = "Channel Type"; Value = "Unidirectional"; VariantName = "[No Variations]"
Add component (AddParameter): Name = "ComponentLink1Description"; Value = "https://datasheets.maximintegrated.com/en/ds/MAX14130-MAX14932.pdf?src-supplier=Digi-Key"; VariantName = "[No Variations]"
Add component (AddParameter): Name = "ComponentLink1URL"; Value = "https://datasheets.maximintegrated.com/en/ds/MAX14130-MAX14932.pdf?src-supplier=Digi-Key"; VariantName = "[No Variations]"
Add component (AddParameter): Name = "Data Rate"; Value = "150Mbps"; VariantName = "[No Variations]"
Add component (AddParameter): Name = "Isolated Power"; Value = "No"; VariantName = "[No Variations]"
Add component (AddParameter): Name = "Manufacturer"; Value = "Maxim"; VariantName = "[No Variations]"
Add component (AddParameter): Name = "Manufacturer Part Number"; Value = "MAX14931FAWE+"; VariantName = "[No Variations]"
Add component (AddParameter): Name = "Max Operating Temperature"; Value = "125°C"; VariantName = "[No Variations]"
Add component (AddParameter): Name = "Min Operating Temperature"; Value = "-40°C"; VariantName = "[No Variations]"
Add component (AddParameter): Name = "Number of Channels"; Value = "4"; VariantName = "[No Variations]"
Add component (AddParameter): Name = "Packaging"; Value = "Rail/Tube"; VariantName = "[No Variations]"
Add component (AddParameter): Name = "Pricing 1"; Value = "138=3,67000 (EUR)"; VariantName = "[No Variations]"
Add component (AddParameter): Name = "Propagation Delay"; Value = "7.4ns"; VariantName = "[No Variations]"
Add component (AddParameter): Name = "Pulse Width Distortion (PWD)"; Value = "1ns"; VariantName = "[No Variations]"
Add component (AddParameter): Name = "RoHS"; Value = "Yes"; VariantName = "[No Variations]"
Add component (AddParameter): Name = "RoHS Compliant"; Value = "Yes"; VariantName = "[No Variations]"
Add component (AddParameter): Name = "Supplier 1"; Value = "Mouser"; VariantName = "[No Variations]"
Add component (AddParameter): Name = "Supplier Part Number 1"; Value = "700-MAX14931FAWE+"; VariantName = "[No Variations]"
Add component (AddParameter): Name = "Type"; Value = "General Purpose"; VariantName = "[No Variations]"
Added Component: Designator=U10C(SOIC-16)
Add component (AddParameter): Name = "Case/Package"; Value = "SOIC"; VariantName = "[No Variations]"
Add component (AddParameter): Name = "Category"; Value = "Interface ICs"; VariantName = "[No Variations]"
Add component (AddParameter): Name = "Channel Type"; Value = "Unidirectional"; VariantName = "[No Variations]"
Add component (AddParameter): Name = "ComponentLink1Description"; Value = "https://datasheets.maximintegrated.com/en/ds/MAX14130-MAX14932.pdf?src-supplier=Digi-Key"; VariantName = "[No Variations]"
Add component (AddParameter): Name = "ComponentLink1URL"; Value = "https://datasheets.maximintegrated.com/en/ds/MAX14130-MAX14932.pdf?src-supplier=Digi-Key"; VariantName = "[No Variations]"
Add component (AddParameter): Name = "Data Rate"; Value = "150Mbps"; VariantName = "[No Variations]"
Add component (AddParameter): Name = "Isolated Power"; Value = "No"; VariantName = "[No Variations]"
Add component (AddParameter): Name = "Manufacturer"; Value = "Maxim"; VariantName = "[No Variations]"
Add component (AddParameter): Name = "Manufacturer Part Number"; Value = "MAX14931FAWE+"; VariantName = "[No Variations]"
Add component (AddParameter): Name = "Max Operating Temperature"; Value = "125°C"; VariantName = "[No Variations]"
Add component (AddParameter): Name = "Min Operating Temperature"; Value = "-40°C"; VariantName = "[No Variations]"
Add component (AddParameter): Name = "Number of Channels"; Value = "4"; VariantName = "[No Variations]"
Add component (AddParameter): Name = "Packaging"; Value = "Rail/Tube"; VariantName = "[No Variations]"
Add component (AddParameter): Name = "Pricing 1"; Value = "138=3,67000 (EUR)"; VariantName = "[No Variations]"
Add component (AddParameter): Name = "Propagation Delay"; Value = "7.4ns"; VariantName = "[No Variations]"
Add component (AddParameter): Name = "Pulse Width Distortion (PWD)"; Value = "1ns"; VariantName = "[No Variations]"
Add component (AddParameter): Name = "RoHS"; Value = "Yes"; VariantName = "[No Variations]"
Add component (AddParameter): Name = "RoHS Compliant"; Value = "Yes"; VariantName = "[No Variations]"
Add component (AddParameter): Name = "Supplier 1"; Value = "Mouser"; VariantName = "[No Variations]"
Add component (AddParameter): Name = "Supplier Part Number 1"; Value = "700-MAX14931FAWE+"; VariantName = "[No Variations]"
Add component (AddParameter): Name = "Type"; Value = "General Purpose"; VariantName = "[No Variations]"
Added Pin To Net: NetName=5V_TOPB Pin=5V_TOPA-1
Added Pin To Net: NetName=5V_TOPB Pin=5V_TOPC-1
Added Pin To Net: NetName=GND_TOPA Pin=C25B-1
Added Pin To Net: NetName=GND_TOPA Pin=C25C-1
Added Pin To Net: NetName=5V_TOPB Pin=C29A-2
Added Pin To Net: NetName=GND_TOPA Pin=C29B-1
Added Pin To Net: NetName=GND_TOPA Pin=C29C-1
Added Pin To Net: NetName=5V_TOPB Pin=C29C-2
Added Pin To Net: NetName=GND_TOPA Pin=C31B-1
Added Pin To Net: NetName=GND_TOPA Pin=C31C-1
Added Pin To Net: NetName=GND_TOPA Pin=C33B-1
Added Pin To Net: NetName=GND_TOPA Pin=C33C-1
Added Pin To Net: NetName=GND_TOPA Pin=C35B-2
Added Pin To Net: NetName=GND_TOPA Pin=C35C-2
Added Pin To Net: NetName=GND_TOPA Pin=C37B-2
Added Pin To Net: NetName=GND_TOPA Pin=C37C-2
Added Pin To Net: NetName=5V_TOPB Pin=C63A-2
Added Pin To Net: NetName=GND_TOPA Pin=C63B-1
Added Pin To Net: NetName=GND_TOPA Pin=C63C-1
Added Pin To Net: NetName=5V_TOPB Pin=C63C-2
Add Pin To Net: Unknown Pin: Pin C87A-1
Add Pin To Net: Unknown Pin: Pin C87A-2
Add Pin To Net: Unknown Pin: Pin C87B-1
Add Pin To Net: Unknown Pin: Pin C87B-2
Add Pin To Net: Unknown Pin: Pin C87C-1
Add Pin To Net: Unknown Pin: Pin C87C-2
Add Pin To Net: Unknown Pin: Pin C88A-2
Add Pin To Net: Unknown Pin: Pin C88B-2
Add Pin To Net: Unknown Pin: Pin C88C-2
Add Pin To Net: Unknown Pin: Pin C89A-1
Add Pin To Net: Unknown Pin: Pin C89A-2
Add Pin To Net: Unknown Pin: Pin C89B-1
Add Pin To Net: Unknown Pin: Pin C89B-2
Add Pin To Net: Unknown Pin: Pin C89C-1
Add Pin To Net: Unknown Pin: Pin C89C-2
Added Pin To Net: NetName=5V_TOPB Pin=D4A-1
Added Pin To Net: NetName=LDO_5V8_TOPA Pin=D4A-2
Added Pin To Net: NetName=5V_TOPB Pin=D4B-1
Added Pin To Net: NetName=LDO_5V8_TOPB Pin=D4B-2
Added Pin To Net: NetName=5V_TOPB Pin=D4C-1
Added Pin To Net: NetName=LDO_5V8_TOPC Pin=D4C-2
Added Pin To Net: NetName=LDO_5V8_BOTA Pin=D5A-2
Added Pin To Net: NetName=LDO_5V8_BOTB Pin=D5B-2
Added Pin To Net: NetName=LDO_5V8_BOTC Pin=D5C-2
Add Pin To Net: Unknown Pin: Pin L12A-1
Add Pin To Net: Unknown Pin: Pin L12B-1
Add Pin To Net: Unknown Pin: Pin L12C-1
Added Pin To Net: NetName=GND_TOPA Pin=PS1B-4
Added Pin To Net: NetName=GND_TOPA Pin=PS1C-4
Added Pin To Net: NetName=5V_TOPB Pin=PS3A-1
Added Pin To Net: NetName=GND_TOPA Pin=PS3B-3
Added Pin To Net: NetName=GND_TOPA Pin=PS3B-7
Added Pin To Net: NetName=5V_TOPB Pin=PS3C-1
Added Pin To Net: NetName=GND_TOPA Pin=PS3C-3
Added Pin To Net: NetName=GND_TOPA Pin=PS3C-7
Add Pin To Net: Unknown Pin: Pin PS4A-1
Add Pin To Net: Unknown Pin: Pin PS4B-1
Add Pin To Net: Unknown Pin: Pin PS4C-1
Added Pin To Net: NetName=PWM_out_HA Pin=Q1A-1
Added Pin To Net: NetName=GND_TOPA Pin=Q1A-2
Added Pin To Net: NetName=V_DC Pin=Q1A-3
Added Pin To Net: NetName=GND_TOPA Pin=Q1A-4
Added Pin To Net: NetName=V_DC Pin=Q1A-5
Added Pin To Net: NetName=GND_TOPA Pin=Q1A-6
Added Pin To Net: NetName=V_DC Pin=Q1A-7
Added Pin To Net: NetName=PWM_out_HB Pin=Q1B-1
Added Pin To Net: NetName=GND_TOPA Pin=Q1B-2
Added Pin To Net: NetName=V_DC Pin=Q1B-3
Added Pin To Net: NetName=GND_TOPA Pin=Q1B-4
Added Pin To Net: NetName=V_DC Pin=Q1B-5
Added Pin To Net: NetName=GND_TOPA Pin=Q1B-6
Added Pin To Net: NetName=V_DC Pin=Q1B-7
Added Pin To Net: NetName=PWM_out_HC Pin=Q1C-1
Added Pin To Net: NetName=GND_TOPA Pin=Q1C-2
Added Pin To Net: NetName=V_DC Pin=Q1C-3
Added Pin To Net: NetName=GND_TOPA Pin=Q1C-4
Added Pin To Net: NetName=V_DC Pin=Q1C-5
Added Pin To Net: NetName=GND_TOPA Pin=Q1C-6
Added Pin To Net: NetName=V_DC Pin=Q1C-7
Added Pin To Net: NetName=PWM_out_LA Pin=Q2A-1
Added Pin To Net: NetName=GND_TOPA Pin=Q2A-3
Added Pin To Net: NetName=GND_TOPA Pin=Q2A-5
Added Pin To Net: NetName=GND_TOPA Pin=Q2A-7
Added Pin To Net: NetName=PWM_out_LB Pin=Q2B-1
Added Pin To Net: NetName=GND_TOPA Pin=Q2B-3
Added Pin To Net: NetName=GND_TOPA Pin=Q2B-5
Added Pin To Net: NetName=GND_TOPA Pin=Q2B-7
Added Pin To Net: NetName=PWM_out_LC Pin=Q2C-1
Added Pin To Net: NetName=GND_TOPA Pin=Q2C-3
Added Pin To Net: NetName=GND_TOPA Pin=Q2C-5
Added Pin To Net: NetName=GND_TOPA Pin=Q2C-7
Added Pin To Net: NetName=5V_TOPB Pin=R11A-2
Added Pin To Net: NetName=5V_TOPB Pin=R11C-2
Added Pin To Net: NetName=GND_TOPA Pin=R47B-1
Added Pin To Net: NetName=GND_TOPA Pin=R47C-1
Added Pin To Net: NetName=GND_TOPA Pin=R74B-1
Added Pin To Net: NetName=GND_TOPA Pin=R74C-1
Added Pin To Net: NetName=5V_TOPB Pin=R78A-2
Added Pin To Net: NetName=5V_TOPB Pin=R78C-2
Added Pin To Net: NetName=3V3_PER Pin=U10A-1
Added Pin To Net: NetName=GND Pin=U10A-2
Added Pin To Net: NetName=PWM_EN Pin=U10A-3
Added Pin To Net: NetName=PWM_L1 Pin=U10A-4
Added Pin To Net: NetName=FLT_BOTA Pin=U10A-6
Added Pin To Net: NetName=3V3_PER Pin=U10A-7
Added Pin To Net: NetName=GND Pin=U10A-8
Added Pin To Net: NetName=3V3_PER Pin=U10B-1
Added Pin To Net: NetName=GND Pin=U10B-2
Added Pin To Net: NetName=PWM_EN Pin=U10B-3
Added Pin To Net: NetName=PWM_L2 Pin=U10B-4
Added Pin To Net: NetName=FLT_BOTB Pin=U10B-6
Added Pin To Net: NetName=3V3_PER Pin=U10B-7
Added Pin To Net: NetName=GND Pin=U10B-8
Added Pin To Net: NetName=3V3_PER Pin=U10C-1
Added Pin To Net: NetName=GND Pin=U10C-2
Added Pin To Net: NetName=PWM_EN Pin=U10C-3
Added Pin To Net: NetName=PWM_L3 Pin=U10C-4
Added Pin To Net: NetName=FLT_BOTC Pin=U10C-6
Added Pin To Net: NetName=3V3_PER Pin=U10C-7
Added Pin To Net: NetName=GND Pin=U10C-8
Added Pin To Net: NetName=GND_TOPA Pin=U15B-0
Added Pin To Net: NetName=GND_TOPA Pin=U15B-3
Added Pin To Net: NetName=GND_TOPA Pin=U15B-6
Added Pin To Net: NetName=GND_TOPA Pin=U15B-7
Added Pin To Net: NetName=GND_TOPA Pin=U15B-8
Added Pin To Net: NetName=GND_TOPA Pin=U15B-9
Added Pin To Net: NetName=GND_TOPA Pin=U15B-14
Added Pin To Net: NetName=GND_TOPA Pin=U15B-15
Added Pin To Net: NetName=GND_TOPA Pin=U15C-0
Added Pin To Net: NetName=GND_TOPA Pin=U15C-3
Added Pin To Net: NetName=GND_TOPA Pin=U15C-6
Added Pin To Net: NetName=GND_TOPA Pin=U15C-7
Added Pin To Net: NetName=GND_TOPA Pin=U15C-8
Added Pin To Net: NetName=GND_TOPA Pin=U15C-9
Added Pin To Net: NetName=GND_TOPA Pin=U15C-14
Added Pin To Net: NetName=GND_TOPA Pin=U15C-15
Added Pin To Net: NetName=PWM_H1 Pin=U17A-4
Added Pin To Net: NetName=5V_TOPB Pin=U17A-10
Added Pin To Net: NetName=NetR17A_1 Pin=U17A-13
Added Pin To Net: NetName=5V_TOPB Pin=U17A-16
Added Pin To Net: NetName=PWM_H2 Pin=U17B-4
Added Pin To Net: NetName=GND_TOPA Pin=U17B-9
Added Pin To Net: NetName=NetR17B_1 Pin=U17B-13
Added Pin To Net: NetName=GND_TOPA Pin=U17B-15
Added Pin To Net: NetName=PWM_H3 Pin=U17C-4
Added Pin To Net: NetName=GND_TOPA Pin=U17C-9
Added Pin To Net: NetName=5V_TOPB Pin=U17C-10
Added Pin To Net: NetName=NetR17C_1 Pin=U17C-13
Added Pin To Net: NetName=GND_TOPA Pin=U17C-15
Added Pin To Net: NetName=5V_TOPB Pin=U17C-16
Change Net Name : Old Net Name=5V_TOPB New Net Name=HS 5VA
Change Net Name : Old Net Name=12V_TOPA New Net Name=HS_12VA
Change Net Name : Old Net Name=12V_TOPB New Net Name=HS_12VB
Change Net Name : Old Net Name=12V_TOPC New Net Name=HS_12VC
Change Net Name : Old Net Name=GND_TOPA New Net Name=COM_HSA
Added Pin To Net: NetName=COM_LSA Pin=C34A-1
Added Pin To Net: NetName=COM_LSA Pin=C34B-1
Added Pin To Net: NetName=COM_LSA Pin=C34C-1
Added Pin To Net: NetName=COM_LSA Pin=C36A-2
Added Pin To Net: NetName=COM_LSA Pin=C36B-2
Added Pin To Net: NetName=COM_LSA Pin=C36C-2
Added Pin To Net: NetName=COM_LSA Pin=C38A-1
Added Pin To Net: NetName=COM_LSA Pin=C38B-1
Added Pin To Net: NetName=COM_LSA Pin=C38C-1
Added Pin To Net: NetName=COM_LSA Pin=PS5A-3
Added Pin To Net: NetName=COM_LSA Pin=PS5A-7
Added Pin To Net: NetName=COM_LSA Pin=PS5B-3
Added Pin To Net: NetName=COM_LSA Pin=PS5B-7
Added Pin To Net: NetName=COM_LSA Pin=PS5C-3
Added Pin To Net: NetName=COM_LSA Pin=PS5C-7
Added Pin To Net: NetName=COM_LSA Pin=Q2A-2
Added Pin To Net: NetName=COM_LSA Pin=Q2A-4
Added Pin To Net: NetName=COM_LSA Pin=Q2A-6
Added Pin To Net: NetName=COM_LSA Pin=Q2B-2
Added Pin To Net: NetName=COM_LSA Pin=Q2B-4
Added Pin To Net: NetName=COM_LSA Pin=Q2B-6
Added Pin To Net: NetName=COM_LSA Pin=Q2C-2
Added Pin To Net: NetName=COM_LSA Pin=Q2C-4
Added Pin To Net: NetName=COM_LSA Pin=Q2C-6
Added Pin To Net: NetName=COM_LSA Pin=R48A-1
Added Pin To Net: NetName=COM_LSA Pin=R48B-1
Added Pin To Net: NetName=COM_LSA Pin=R48C-1
Added Pin To Net: NetName=COM_LSA Pin=R49A-1
Added Pin To Net: NetName=COM_LSA Pin=R49B-1
Added Pin To Net: NetName=COM_LSA Pin=R49C-1
Added Pin To Net: NetName=COM_LSA Pin=R51A-2
Added Pin To Net: NetName=COM_LSA Pin=R51B-2
Added Pin To Net: NetName=COM_LSA Pin=R51C-2
Added Pin To Net: NetName=COM_LSA Pin=R75A-1
Added Pin To Net: NetName=COM_LSA Pin=R75B-1
Added Pin To Net: NetName=COM_LSA Pin=R75C-1
Added Pin To Net: NetName=COM_LSA Pin=R87A-2
Added Pin To Net: NetName=COM_LSA Pin=R87B-2
Added Pin To Net: NetName=COM_LSA Pin=R87C-2
Added Pin To Net: NetName=COM_LSA Pin=U10A-9
Added Pin To Net: NetName=COM_LSA Pin=U10A-15
Added Pin To Net: NetName=COM_LSA Pin=U10B-9
Added Pin To Net: NetName=COM_LSA Pin=U10B-15
Added Pin To Net: NetName=COM_LSA Pin=U10C-9
Added Pin To Net: NetName=COM_LSA Pin=U10C-15
Added Pin To Net: NetName=COM_LSA Pin=U16A-0
Added Pin To Net: NetName=COM_LSA Pin=U16A-3
Added Pin To Net: NetName=COM_LSA Pin=U16A-9
Added Pin To Net: NetName=COM_LSA Pin=U16A-14
Added Pin To Net: NetName=COM_LSA Pin=U16A-15
Added Pin To Net: NetName=COM_LSA Pin=U16B-0
Added Pin To Net: NetName=COM_LSA Pin=U16B-3
Added Pin To Net: NetName=COM_LSA Pin=U16B-9
Added Pin To Net: NetName=COM_LSA Pin=U16B-14
Added Pin To Net: NetName=COM_LSA Pin=U16B-15
Added Pin To Net: NetName=COM_LSA Pin=U16C-0
Added Pin To Net: NetName=COM_LSA Pin=U16C-3
Added Pin To Net: NetName=COM_LSA Pin=U16C-9
Added Pin To Net: NetName=COM_LSA Pin=U16C-14
Added Pin To Net: NetName=COM_LSA Pin=U16C-15
Added Net: Name=COM_LSA
Added Pin To Net: NetName=DC- Pin=C39A-1
Added Pin To Net: NetName=DC- Pin=C39B-1
Added Pin To Net: NetName=DC- Pin=C39C-1
Added Pin To Net: NetName=DC- Pin=C40-2
Added Pin To Net: NetName=DC- Pin=C40-4
Added Pin To Net: NetName=DC- Pin=C40-6
Added Pin To Net: NetName=DC- Pin=C41-2
Added Pin To Net: NetName=DC- Pin=C41-4
Added Pin To Net: NetName=DC- Pin=C41-6
Added Pin To Net: NetName=DC- Pin=C42-2
Added Pin To Net: NetName=DC- Pin=C42-4
Added Pin To Net: NetName=DC- Pin=C42-6
Added Pin To Net: NetName=DC- Pin=C43-2
Added Pin To Net: NetName=DC- Pin=C43-4
Added Pin To Net: NetName=DC- Pin=C43-6
Added Pin To Net: NetName=DC- Pin=C44-2
Added Pin To Net: NetName=DC- Pin=C44-4
Added Pin To Net: NetName=DC- Pin=C44-6
Added Pin To Net: NetName=DC- Pin=C45-2
Added Pin To Net: NetName=DC- Pin=C45-4
Added Pin To Net: NetName=DC- Pin=C45-6
Added Pin To Net: NetName=DC- Pin=C46-2
Added Pin To Net: NetName=DC- Pin=C46-4
Added Pin To Net: NetName=DC- Pin=C46-6
Added Pin To Net: NetName=DC- Pin=C47-2
Added Pin To Net: NetName=DC- Pin=C47-4
Added Pin To Net: NetName=DC- Pin=C47-6
Added Pin To Net: NetName=DC- Pin=C48-2
Added Pin To Net: NetName=DC- Pin=C48-4
Added Pin To Net: NetName=DC- Pin=C48-6
Added Pin To Net: NetName=DC- Pin=C49-2
Added Pin To Net: NetName=DC- Pin=C49-4
Added Pin To Net: NetName=DC- Pin=C49-6
Added Pin To Net: NetName=DC- Pin=C72A-1
Added Pin To Net: NetName=DC- Pin=C72B-1
Added Pin To Net: NetName=DC- Pin=C72C-1
Added Pin To Net: NetName=DC- Pin=C73A-1
Added Pin To Net: NetName=DC- Pin=C73B-1
Added Pin To Net: NetName=DC- Pin=C73C-1
Added Pin To Net: NetName=DC- Pin=C74A-1
Added Pin To Net: NetName=DC- Pin=C74B-1
Added Pin To Net: NetName=DC- Pin=C74C-1
Added Pin To Net: NetName=DC- Pin=C75A-1
Added Pin To Net: NetName=DC- Pin=C75B-1
Added Pin To Net: NetName=DC- Pin=C75C-1
Added Pin To Net: NetName=DC- Pin=C76A-1
Added Pin To Net: NetName=DC- Pin=C76B-1
Added Pin To Net: NetName=DC- Pin=C76C-1
Added Pin To Net: NetName=DC- Pin=C77A-1
Added Pin To Net: NetName=DC- Pin=C77B-1
Added Pin To Net: NetName=DC- Pin=C77C-1
Added Pin To Net: NetName=DC- Pin=C80-1
Added Pin To Net: NetName=DC- Pin=C81-1
Added Pin To Net: NetName=DC- Pin=C82-1
Added Pin To Net: NetName=DC- Pin=C83-1
Added Pin To Net: NetName=DC- Pin=C84-1
Added Pin To Net: NetName=DC- Pin=C85-1
Added Pin To Net: NetName=DC- Pin=C86-1
Added Pin To Net: NetName=DC- Pin=C87-1
Added Pin To Net: NetName=DC- Pin=C88-1
Added Pin To Net: NetName=DC- Pin=C89-1
Added Pin To Net: NetName=DC- Pin=C90-1
Added Pin To Net: NetName=DC- Pin=C91-1
Added Pin To Net: NetName=DC- Pin=R49A-2
Added Pin To Net: NetName=DC- Pin=R49B-2
Added Pin To Net: NetName=DC- Pin=R49C-2
Added Pin To Net: NetName=DC- Pin=R50-2
Added Pin To Net: NetName=DC- Pin=R51A-1
Added Pin To Net: NetName=DC- Pin=R51B-1
Added Pin To Net: NetName=DC- Pin=R51C-1
Added Pin To Net: NetName=DC- Pin=U11-8
Added Pin To Net: NetName=DC- Pin=U16A-6
Added Pin To Net: NetName=DC- Pin=U16A-7
Added Pin To Net: NetName=DC- Pin=U16B-6
Added Pin To Net: NetName=DC- Pin=U16B-7
Added Pin To Net: NetName=DC- Pin=U16C-6
Added Pin To Net: NetName=DC- Pin=U16C-7
Added Net: Name=DC-
Added Pin To Net: NetName=LS_5VA Pin=D5A-1
Added Pin To Net: NetName=LS_5VA Pin=D5B-1
Added Pin To Net: NetName=LS_5VA Pin=D5C-1
Added Pin To Net: NetName=LS_5VA Pin=PS5A-1
Added Pin To Net: NetName=LS_5VA Pin=PS5B-1
Added Pin To Net: NetName=LS_5VA Pin=PS5C-1
Added Pin To Net: NetName=LS_5VA Pin=R16A-2
Added Pin To Net: NetName=LS_5VA Pin=R16B-2
Added Pin To Net: NetName=LS_5VA Pin=R16C-2
Added Pin To Net: NetName=LS_5VA Pin=U10A-10
Added Pin To Net: NetName=LS_5VA Pin=U10A-16
Added Pin To Net: NetName=LS_5VA Pin=U10B-10
Added Pin To Net: NetName=LS_5VA Pin=U10B-16
Added Pin To Net: NetName=LS_5VA Pin=U10C-10
Added Pin To Net: NetName=LS_5VA Pin=U10C-16
Added Net: Name=LS_5VA
Added Pin To Net: NetName=LS_12VA Pin=PS5A-4
Added Pin To Net: NetName=LS_12VA Pin=PS5A-6
Added Pin To Net: NetName=LS_12VA Pin=PS5B-4
Added Pin To Net: NetName=LS_12VA Pin=PS5B-6
Added Pin To Net: NetName=LS_12VA Pin=PS5C-4
Added Pin To Net: NetName=LS_12VA Pin=PS5C-6
Added Pin To Net: NetName=LS_12VA Pin=U16A-16
Added Pin To Net: NetName=LS_12VA Pin=U16B-16
Added Pin To Net: NetName=LS_12VA Pin=U16C-16
Added Net: Name=LS_12VA
Added Net: Name=NetC88A_1
Added Net: Name=NetC88B_1
Added Net: Name=NetC88C_1
Added Pin To Net: NetName=NetPS5A_5 Pin=PS5A-5
Added Net: Name=NetPS5A_5
Added Pin To Net: NetName=NetPS5B_5 Pin=PS5B-5
Added Net: Name=NetPS5B_5
Added Pin To Net: NetName=NetPS5C_5 Pin=PS5C-5
Added Net: Name=NetPS5C_5
Added Pin To Net: NetName=NetR16A_1 Pin=R16A-1
Added Pin To Net: NetName=NetR16A_1 Pin=U10A-11
Added Pin To Net: NetName=NetR16A_1 Pin=U16A-1
Added Net: Name=NetR16A_1
Added Pin To Net: NetName=NetR16B_1 Pin=R16B-1
Added Pin To Net: NetName=NetR16B_1 Pin=U10B-11
Added Pin To Net: NetName=NetR16B_1 Pin=U16B-1
Added Net: Name=NetR16B_1
Added Pin To Net: NetName=NetR16C_1 Pin=R16C-1
Added Pin To Net: NetName=NetR16C_1 Pin=U10C-11
Added Pin To Net: NetName=NetR16C_1 Pin=U16C-1
Added Net: Name=NetR16C_1
Added Pin To Net: NetName=NetR18A_1 Pin=R18A-1
Added Pin To Net: NetName=NetR18A_1 Pin=U10A-13
Added Net: Name=NetR18A_1
Added Pin To Net: NetName=NetR18B_1 Pin=R18B-1
Added Pin To Net: NetName=NetR18B_1 Pin=U10B-13
Added Net: Name=NetR18B_1
Added Pin To Net: NetName=NetR18C_1 Pin=R18C-1
Added Pin To Net: NetName=NetR18C_1 Pin=U10C-13
Added Net: Name=NetR18C_1
Added Pin To Net: NetName=NetU10A_14 Pin=U10A-14
Added Pin To Net: NetName=NetU10A_14 Pin=U16A-2
Added Net: Name=NetU10A_14
Added Pin To Net: NetName=NetU10B_14 Pin=U10B-14
Added Pin To Net: NetName=NetU10B_14 Pin=U16B-2
Added Net: Name=NetU10B_14
Added Pin To Net: NetName=NetU10C_14 Pin=U10C-14
Added Pin To Net: NetName=NetU10C_14 Pin=U16C-2
Added Net: Name=NetU10C_14
Added Pin To Net: NetName=PHASE_A Pin=R10A-1
Added Pin To Net: NetName=PHASE_A Pin=U2A-1
Added Net: Name=PHASE_A
Added Pin To Net: NetName=PHASE_B Pin=R10B-1
Added Pin To Net: NetName=PHASE_B Pin=U2B-1
Added Net: Name=PHASE_B
Added Pin To Net: NetName=PHASE_C Pin=R10C-1
Added Pin To Net: NetName=PHASE_C Pin=U2C-1
Added Net: Name=PHASE_C
Added Class: Name=D100
Add Class Member: Failed to add class member : Component C1A (C1) 0.1 µF
Add Class Member: Failed to add class member : Component C1B (C1) 0.1 µF
Add Class Member: Failed to add class member : Component C1C (C1) 0.1 µF
Added Member To Class: ClassName=DC-link-Caps Member=Component C43 (C79) 47µF
Added Member To Class: ClassName=DC-link-Caps Member=Component C44 (C81) 47µF
Added Member To Class: ClassName=DC-link-Caps Member=Component C45 (C75) 47µF
Added Member To Class: ClassName=Halfbridge1 Member=Component C77A (C77) 0.1 µF
Add Class Member: Failed to add class member : Component C87A (C87) 4.7 µF
Add Class Member: Failed to add class member : Component C87B (C87) 4.7 µF
Add Class Member: Failed to add class member : Component C87C (C87) 4.7 µF
Add Class Member: Failed to add class member : Component C88A (C88) 4.7 µF
Add Class Member: Failed to add class member : Component C88B (C88) 4.7 µF
Add Class Member: Failed to add class member : Component C88C (C88) 4.7 µF
Add Class Member: Failed to add class member : Component C89A (C89) 0.1 µF
Add Class Member: Failed to add class member : Component C89B (C89) 0.1 µF
Add Class Member: Failed to add class member : Component C89C (C89) 0.1 µF
Add Class Member: Failed to add class member : Component C90A (C90) 2.2 uF
Add Class Member: Failed to add class member : Component C90B (C90) 2.2 uF
Add Class Member: Failed to add class member : Component C90C (C90) 2.2 uF
Add Class Member: Failed to add class member : Component C91A (C91) 1 µF
Add Class Member: Failed to add class member : Component C91B (C91) 1 µF
Add Class Member: Failed to add class member : Component C91C (C91) 1 µF
Add Class Member: Failed to add class member : Component C92A (C92) 1 µF
Add Class Member: Failed to add class member : Component C92B (C92) 1 µF
Add Class Member: Failed to add class member : Component C92C (C92) 1 µF
Added Member To Class: ClassName=Halfbridge1 Member=Component D4A (D4) GF1M-E3/67A
Added Member To Class: ClassName=Halfbridge2 Member=Component D4B (D4) GF1M-E3/67A
Added Member To Class: ClassName=Halfbridge3 Member=Component D4C (D4) GF1M-E3/67A
Added Member To Class: ClassName=Halfbridge1 Member=Component D5A (D5) GF1M-E3/67A
Added Member To Class: ClassName=Halfbridge2 Member=Component D5B (D5) GF1M-E3/67A
Added Member To Class: ClassName=Halfbridge3 Member=Component D5C (D5) GF1M-E3/67A
Add Class Member: Failed to add class member : Component L12A (L12) LQM18DN6R8M70L
Add Class Member: Failed to add class member : Component L12B (L12) LQM18DN6R8M70L
Add Class Member: Failed to add class member : Component L12C (L12) LQM18DN6R8M70L
Add Class Member: Failed to add class member : Component LS_5VA (LS_5V) Testpoint 1mm
Add Class Member: Failed to add class member : Component LS_5VB (LS_5V) Testpoint 1mm
Add Class Member: Failed to add class member : Component LS_5VC (LS_5V) Testpoint 1mm
Add Class Member: Failed to add class member : Component LS_12VA (LS_12V) Testpoint 1mm
Add Class Member: Failed to add class member : Component LS_12VB (LS_12V) Testpoint 1mm
Add Class Member: Failed to add class member : Component LS_12VC (LS_12V) Testpoint 1mm
Add Class Member: Failed to add class member : Component PS4A (PS4) PDSE1-S24-S12-M-TR
Add Class Member: Failed to add class member : Component PS4B (PS4) PDSE1-S24-S12-M-TR
Add Class Member: Failed to add class member : Component PS4C (PS4) PDSE1-S24-S12-M-TR
Added Member To Class: ClassName=Halfbridge1 Member=Component PS5A (PS5) NCP730BMT500TBG
Added Member To Class: ClassName=Halfbridge2 Member=Component PS5B (PS5) NCP730BMT500TBG
Added Member To Class: ClassName=Halfbridge3 Member=Component PS5C (PS5) NCP730BMT500TBG
Add Class Member: Failed to add class member : Component R86A (R86) 100k
Add Class Member: Failed to add class member : Component R86B (R86) 100k
Add Class Member: Failed to add class member : Component R86C (R86) 100k
Added Member To Class: ClassName=Halfbridge1 Member=Component U10A (U10) MAX14931FAWE+
Added Member To Class: ClassName=Halfbridge2 Member=Component U10B (U10) MAX14931FAWE+
Added Member To Class: ClassName=Halfbridge3 Member=Component U10C (U10) MAX14931FAWE+
Added Member To Class: ClassName=Power Member=Wire COM_HSA
Added Member To Class: ClassName=Power Member=Wire COM_LSA
Added Member To Class: ClassName=Power Member=Wire HS_12VA
Added Member To Class: ClassName=Power Member=Wire HS_12VB
Added Member To Class: ClassName=Power Member=Wire HS_12VC
Added Member To Class: ClassName=Power Member=Wire LS_12VA
Added Member To Class: ClassName=Power Member=Wire PHASE_A
Added Member To Class: ClassName=Power Member=Wire PHASE_B
Added Member To Class: ClassName=Power Member=Wire PHASE_C
