time	V(vd)	V(vg)	V(Vd)*Ix(U1:D)+V(Vg)*Ix(U1:G)	Ix(U1:D)	Ix(U1:G)
0.000000000000000e+000	3.500000e+001	-3.899979e+000	1.513349e-004	3.890387e-006	-3.890114e-006
4.990000000000000e-006	3.500000e+001	-3.899979e+000	1.513349e-004	3.890385e-006	-3.890115e-006
4.990101837501628e-006	3.500422e+001	-3.867322e+000	-6.234157e-003	3.889807e-006	1.647217e-003
4.990305512504884e-006	3.501227e+001	-3.802211e+000	-2.679685e-002	3.887897e-006	7.083504e-003
4.990477848962135e-006	3.501859e+001	-3.747267e+000	-5.413366e-002	3.885291e-006	1.448248e-002
4.990644544622772e-006	3.502412e+001	-3.693958e+000	-9.271698e-002	3.881516e-006	2.513643e-002
4.990977935944045e-006	3.503394e+001	-3.585728e+000	-1.937388e-001	3.871146e-006	5.406836e-002
4.991419413928785e-006	3.504531e+001	-3.436977e+000	-3.567417e-001	3.852846e-006	1.038345e-001
4.992037996567637e-006	3.505920e+001	-3.213621e+000	-6.121916e-001	3.819409e-006	1.905407e-001
4.992793449588862e-006	3.507496e+001	-2.909355e+000	-9.146211e-001	3.767164e-006	3.144179e-001
4.993808135028107e-006	3.509716e+001	-2.435855e+000	-1.211880e+000	3.676916e-006	4.975704e-001
4.995086151895297e-006	3.513114e+001	-1.722719e+000	-1.266389e+000	3.524538e-006	7.351823e-001
4.996833920430714e-006	3.519360e+001	-5.333678e-001	-5.582420e-001	3.223056e-006	1.046849e+000
4.999206777873242e-006	3.530218e+001	1.352757e+000	1.943726e+000	2.663819e-006	1.436792e+000
5.000000000000000e-006	3.534514e+001	2.051596e+000	3.192992e+000	2.428497e-006	1.556303e+000
5.000281496777896e-006	3.535132e+001	2.231003e+000	3.544103e+000	2.328114e-006	1.588532e+000
5.000603207381206e-006	3.536118e+001	2.442698e+000	3.938215e+000	2.207447e-006	1.612208e+000
5.001246628587825e-006	3.538731e+001	2.876485e+000	4.683063e+000	1.895952e-006	1.628027e+000
5.002533471001065e-006	3.545215e+001	3.751301e+000	5.981685e+000	1.237448e-007	1.594562e+000
5.003606209416695e-006	3.551331e+001	4.471341e+000	6.823626e+000	-5.583493e-006	1.526125e+000
5.004086108300404e-006	3.554228e+001	4.785135e+000	7.103132e+000	-1.396079e-005	1.484520e+000
5.004336237315380e-006	3.555757e+001	4.944722e+000	7.221685e+000	-2.353845e-005	1.460653e+000
5.004477684484453e-006	3.556620e+001	5.033698e+000	7.281508e+000	-3.215387e-005	1.446780e+000
5.004555258341369e-006	3.557084e+001	5.082099e+000	7.312203e+000	-3.820749e-005	1.439083e+000
5.004602176680844e-006	3.557273e+001	5.111238e+000	7.330101e+000	-4.100943e-005	1.434400e+000
5.004635462984517e-006	3.557100e+001	5.131827e+000	7.342612e+000	-3.866785e-005	1.431067e+000
5.004672229093430e-006	3.556153e+001	5.154388e+000	7.356227e+000	-2.868334e-005	1.427375e+000
5.004712636892892e-006	3.553953e+001	5.178868e+000	7.370644e+000	-1.390449e-005	1.423311e+000
5.004742888888044e-006	3.551196e+001	5.196929e+000	7.380805e+000	-5.537169e-006	1.420262e+000
5.004776788380484e-006	3.546642e+001	5.216880e+000	7.391447e+000	-1.273936e-006	1.416842e+000
5.004812847222476e-006	3.539894e+001	5.237749e+000	7.401985e+000	1.801256e-008	1.413200e+000
5.004860187033435e-006	3.527808e+001	5.264534e+000	7.414658e+000	2.451617e-007	1.408415e+000
5.004914116484454e-006	3.508557e+001	5.293981e+000	7.427286e+000	2.554459e-007	1.402966e+000
5.005007516921569e-006	3.462329e+001	5.342450e+000	7.444975e+000	2.745963e-007	1.393549e+000
5.005108324069658e-006	3.395105e+001	5.391279e+000	7.458505e+000	3.508363e-007	1.383437e+000
5.005222866309833e-006	3.296038e+001	5.441999e+000	7.466755e+000	5.354770e-007	1.372058e+000
5.005350998842560e-006	3.159423e+001	5.492846e+000	7.467747e+000	9.034389e-007	1.359535e+000
5.005515302770965e-006	2.953108e+001	5.549752e+000	7.458351e+000	1.679121e-006	1.343898e+000
5.005728877574302e-006	2.653276e+001	5.611886e+000	7.432750e+000	3.283157e-006	1.324450e+000
5.006041569403524e-006	2.199672e+001	5.683232e+000	7.377920e+000	7.003367e-006	1.298164e+000
5.006572673460338e-006	1.473082e+001	5.772692e+000	7.263190e+000	1.601458e-005	1.258157e+000
5.006959706475295e-006	1.011795e+001	5.817192e+000	7.169747e+000	2.439380e-005	1.232468e+000
5.007173497663012e-006	7.987149e+000	5.831397e+000	7.114336e+000	2.980010e-005	1.219965e+000
5.007299315893099e-006	6.935187e+000	5.834655e+000	7.079719e+000	3.325696e-005	1.213352e+000
5.007585461693302e-006	4.789936e+000	5.856073e+000	7.025498e+000	4.155760e-005	1.199660e+000
5.007638955746773e-006	4.358280e+000	5.874707e+000	7.033507e+000	4.317976e-005	1.197220e+000
5.007680532192718e-006	4.123032e+000	5.870213e+000	7.017081e+000	4.445955e-005	1.195340e+000
5.007757344091909e-006	3.790396e+000	5.842491e+000	6.965143e+000	4.684607e-005	1.192123e+000
5.007809274504666e-006	3.584547e+000	5.826233e+000	6.934305e+000	4.847498e-005	1.190157e+000
5.007893486204676e-006	3.274508e+000	5.807495e+000	6.895211e+000	5.114273e-005	1.187266e+000
5.008061909604694e-006	2.711958e+000	5.785645e+000	6.839598e+000	5.654748e-005	1.182140e+000
5.008238320071477e-006	2.183674e+000	5.775863e+000	6.800907e+000	6.230078e-005	1.177447e+000
5.008488098404853e-006	1.513192e+000	5.776076e+000	6.767840e+000	7.061050e-005	1.171684e+000
5.008835747363668e-006	6.589050e-001	5.788902e+000	6.741082e+000	8.238259e-005	1.164474e+000
5.008985333687482e-006	3.396879e-001	5.801287e+000	6.738609e+000	8.752169e-005	1.161566e+000
5.009070948622481e-006	2.081373e-001	5.815662e+000	6.745723e+000	9.049210e-005	1.159920e+000
5.009149219050560e-006	1.346140e-001	5.835848e+000	6.760007e+000	9.321769e-005	1.158357e+000
5.009200894173163e-006	1.039234e-001	5.852043e+000	6.772369e+000	9.502000e-005	1.157264e+000
5.009263154026820e-006	7.821938e-002	5.873344e+000	6.788783e+000	9.719360e-005	1.155862e+000
5.009336765052236e-006	5.594756e-002	5.899781e+000	6.808907e+000	9.976517e-005	1.154094e+000
5.009417286250920e-006	3.846981e-002	5.929754e+000	6.831184e+000	1.025797e-004	1.152017e+000
5.009509387686534e-006	2.425987e-002	5.964899e+000	6.856452e+000	1.058004e-004	1.149466e+000
5.009596120348722e-006	1.472967e-002	5.998548e+000	6.879683e+000	1.088344e-004	1.146891e+000
5.009687984887891e-006	7.538612e-003	6.034579e+000	6.903417e+000	1.120486e-004	1.143976e+000
5.009785965560614e-006	1.987704e-003	6.073267e+000	6.927603e+000	1.154775e-004	1.140672e+000
5.009884947274056e-006	-2.083334e-003	6.112503e+000	6.950729e+000	1.189419e-004	1.137133e+000
5.009992176365043e-006	-5.309845e-003	6.155087e+000	6.974231e+000	1.226953e-004	1.133084e+000
5.010101321316821e-006	-7.742411e-003	6.198440e+000	6.996466e+000	1.265161e-004	1.128747e+000
5.010219081168601e-006	-9.704318e-003	6.245163e+000	7.018501e+000	1.306387e-004	1.123830e+000
5.010351098002510e-006	-1.138386e-002	6.297429e+000	7.040906e+000	1.352607e-004	1.118061e+000
5.010477513495964e-006	-1.264231e-002	6.347322e+000	7.060103e+000	1.396868e-004	1.112297e+000
5.010608980044291e-006	-1.369513e-002	6.399012e+000	7.077725e+000	1.442899e-004	1.106066e+000
5.010739837730602e-006	-1.456513e-002	6.450237e+000	7.092965e+000	1.488717e-004	1.099644e+000
5.010880219480956e-006	-1.535561e-002	6.504917e+000	7.106832e+000	1.537872e-004	1.092533e+000
5.011025882675406e-006	-1.606037e-002	6.561333e+000	7.118605e+000	1.588877e-004	1.084933e+000
5.011358037401152e-006	-1.734971e-002	6.688655e+000	7.135960e+000	1.705187e-004	1.066876e+000
5.011777858129533e-006	-1.853095e-002	6.846713e+000	7.140419e+000	1.852200e-004	1.042898e+000
5.012044197996256e-006	-1.908481e-002	6.945199e+000	7.134017e+000	1.945469e-004	1.027187e+000
5.012370083569705e-006	-1.959681e-002	7.063713e+000	7.117337e+000	2.059592e-004	1.007592e+000
5.012782071958674e-006	-2.002730e-002	7.210257e+000	7.083612e+000	2.203870e-004	9.824360e-001
5.013330168808596e-006	-2.030707e-002	7.399416e+000	7.019685e+000	2.395814e-004	9.486815e-001
5.014055234377278e-006	-2.030805e-002	7.639663e+000	6.907357e+000	2.649735e-004	9.041449e-001
5.014953946742763e-006	-1.991022e-002	7.921528e+000	6.733311e+000	2.964464e-004	8.500023e-001
5.016113692915025e-006	-1.901552e-002	8.261415e+000	6.466528e+000	3.370601e-004	7.827394e-001
5.017275958880282e-006	-1.788722e-002	8.574424e+000	6.167971e+000	3.777607e-004	7.193460e-001
5.018831458997037e-006	-1.624603e-002	8.953158e+000	5.741953e+000	4.322295e-004	6.413335e-001
5.020501070857495e-006	-1.450576e-002	9.314960e+000	5.272276e+000	4.906915e-004	5.660017e-001
5.022443649268840e-006	-1.262450e-002	9.681840e+000	4.735184e+000	5.587078e-004	4.890797e-001
5.024647274584700e-006	-1.073091e-002	1.003862e+001	4.155927e+000	6.358602e-004	4.139946e-001
5.027043458431492e-006	-8.970504e-003	1.036423e+001	3.579149e+000	7.197500e-004	3.453373e-001
5.029824039602334e-006	-7.274414e-003	1.067498e+001	2.986405e+000	8.170927e-004	2.797581e-001
5.032815194565786e-006	-5.802295e-003	1.094338e+001	2.441407e+000	9.218024e-004	2.230949e-001
5.036346810410710e-006	-4.430667e-003	1.119279e+001	1.907653e+000	1.045427e-003	1.704363e-001
5.039661242681786e-006	-3.428727e-003	1.137468e+001	1.501817e+000	1.161445e-003	1.320319e-001
5.043072467836696e-006	-2.640301e-003	1.151764e+001	1.173029e+000	1.280848e-003	1.018466e-001
5.046923444594465e-006	-1.959234e-003	1.164102e+001	8.823299e-001	1.415641e-003	7.579514e-002
5.050370564142532e-006	-1.499353e-003	1.172427e+001	6.825615e-001	1.536296e-003	5.821804e-002
5.054591025395159e-006	-1.079887e-003	1.180014e+001	4.979449e-001	1.684018e-003	4.219838e-002
5.058409008848434e-006	-7.984744e-004	1.185099e+001	3.728301e-001	1.817651e-003	3.145994e-002
5.062781602146189e-006	-5.642402e-004	1.189328e+001	2.679686e-001	1.970694e-003	2.253118e-002
5.066981916469454e-006	-4.009854e-004	1.192272e+001	1.945314e-001	2.117707e-003	1.631610e-002
5.071558774749155e-006	-2.754696e-004	1.194531e+001	1.379271e-001	2.277899e-003	1.154660e-002
5.076890489362469e-006	-1.734823e-004	1.196361e+001	9.189734e-002	2.464510e-003	7.681441e-003
5.081886223027322e-006	-1.080586e-004	1.197531e+001	6.241372e-002	2.639362e-003	5.211892e-003
5.087015281141150e-006	-6.263074e-005	1.198338e+001	4.203118e-002	2.818879e-003	3.507471e-003
5.091910715353053e-006	-3.296492e-005	1.198861e+001	2.882087e-002	2.990220e-003	2.404030e-003
5.096999117496285e-006	-1.181014e-005	1.199228e+001	1.951223e-002	3.168314e-003	1.627069e-003
5.101955853681753e-006	2.459252e-006	1.199472e+001	1.334340e-002	3.341799e-003	1.112438e-003
5.107041516182613e-006	1.264007e-005	1.199642e+001	9.055692e-003	3.519798e-003	7.548628e-004
5.112025523067041e-006	1.966955e-005	1.199754e+001	6.203917e-003	3.694238e-003	5.170930e-004
5.117106949128658e-006	2.478533e-005	1.199832e+001	4.236269e-003	3.872087e-003	3.530639e-004
5.122127525472409e-006	2.847168e-005	1.199884e+001	2.919277e-003	4.047807e-003	2.432870e-004
5.127233209267514e-006	3.127233e-005	1.199920e+001	2.014640e-003	4.226506e-003	1.678869e-004
5.132315018252993e-006	3.342164e-005	1.199944e+001	1.406857e-003	4.404369e-003	1.172313e-004
5.137488072415915e-006	3.516738e-005	1.199960e+001	9.909127e-004	4.585426e-003	8.256538e-005
5.142686351721888e-006	3.662095e-005	1.199971e+001	7.108160e-004	4.767366e-003	5.922155e-005
5.148014729483216e-006	3.790149e-005	1.199979e+001	5.197441e-004	4.953858e-003	4.329714e-005
5.153450242426813e-006	3.906333e-005	1.199984e+001	3.910719e-004	5.144102e-003	3.257302e-005
5.159112250470633e-006	4.017172e-005	1.199987e+001	3.037577e-004	5.342272e-003	2.529553e-005
5.165032779052074e-006	4.125906e-005	1.199989e+001	2.453131e-004	5.549490e-003	2.042386e-005
5.171381973541218e-006	4.237371e-005	1.199991e+001	2.062254e-004	5.771711e-003	1.716520e-005
5.178276242987940e-006	4.354720e-005	1.199992e+001	1.806784e-004	6.013010e-003	1.503481e-005
5.186000360977041e-006	4.483525e-005	1.199993e+001	1.643044e-004	6.283354e-003	1.366864e-005
5.194829222557008e-006	4.628848e-005	1.199993e+001	1.543216e-004	6.592364e-003	1.283478e-005
5.205322110685315e-006	4.800222e-005	1.199993e+001	1.485985e-004	6.959614e-003	1.235544e-005
5.218163102463163e-006	5.009057e-005	1.199993e+001	1.456743e-004	7.409048e-003	1.210866e-005
5.234764486366565e-006	5.278500e-005	1.199993e+001	1.444167e-004	7.990096e-003	1.199965e-005
5.349669796882216e-006	7.141569e-005	1.199993e+001	1.443078e-004	1.201177e-002	1.195423e-005
2.599000000000000e-005	3.418909e-003	1.199993e+001	2.654209e-003	7.343796e-001	1.195271e-005
2.599003266040628e-005	2.003796e-003	1.198942e+001	-5.470007e-004	7.343808e-001	-1.683610e-004
2.599009798121884e-005	-7.830366e-004	1.196842e+001	-9.670467e-003	7.343830e-001	-7.599514e-004
2.599014901046348e-005	-2.906355e-003	1.195207e+001	-2.018555e-002	7.343848e-001	-1.510296e-003
2.599019938190255e-005	-4.929177e-003	1.193598e+001	-3.515535e-002	7.343866e-001	-2.642049e-003
2.599030012478068e-005	-8.765386e-003	1.190391e+001	-7.805659e-002	7.343901e-001	-6.016458e-003
2.599050161053694e-005	-1.581469e-002	1.183989e+001	-2.014456e-001	7.343972e-001	-1.603319e-002
2.599079195048003e-005	-2.471343e-002	1.174726e+001	-4.522730e-001	7.344074e-001	-3.695529e-002
2.599119426152455e-005	-3.487875e-002	1.161655e+001	-9.177172e-001	7.344214e-001	-7.679573e-002
2.599171547976415e-005	-4.494366e-002	1.143996e+001	-1.671845e+000	7.344397e-001	-1.432554e-001
2.599240310000461e-005	-5.405426e-002	1.118901e+001	-2.829630e+000	7.344638e-001	-2.493456e-001
2.599328539733063e-005	-6.076670e-002	1.082880e+001	-4.423823e+000	7.344947e-001	-4.044020e-001
2.599444305733964e-005	-6.430977e-002	1.028842e+001	-6.455476e+000	7.345353e-001	-6.228590e-001
2.599555550885253e-005	-6.417256e-002	9.690381e+000	-8.156074e+000	7.345743e-001	-8.368025e-001
2.599673008636699e-005	-6.163386e-002	8.957741e+000	-9.510058e+000	7.346155e-001	-1.056604e+000
2.599848899021437e-005	-5.602547e-002	7.703617e+000	-1.056660e+001	7.346772e-001	-1.366299e+000
2.600000000000000e-005	-5.059590e-002	6.522318e+000	-1.057966e+001	7.347301e-001	-1.616372e+000
2.600026260624772e-005	-3.984183e-002	6.377515e+000	-1.052504e+001	7.347394e-001	-1.645745e+000
2.600078781874315e-005	-2.167432e-002	6.079536e+000	-1.026257e+001	7.347577e-001	-1.685432e+000
2.600183824373402e-005	4.709085e-003	5.464298e+000	-9.334239e+000	7.347945e-001	-1.708856e+000
2.600290833637164e-005	2.200805e-002	4.829901e+000	-8.098979e+000	7.348319e-001	-1.680190e+000
2.600387680896979e-005	3.139919e-002	4.262599e+000	-6.885288e+000	7.348658e-001	-1.620693e+000
2.600464117553331e-005	3.640398e-002	3.827411e+000	-5.945302e+000	7.348925e-001	-1.560338e+000
2.600521909074604e-005	3.976680e-002	3.508746e+000	-5.269313e+000	7.349128e-001	-1.510095e+000
2.600565237052389e-005	4.287326e-002	3.276640e+000	-4.788367e+000	7.349279e-001	-1.470981e+000
2.600597990371836e-005	4.644899e-002	3.105394e+000	-4.440674e+000	7.349393e-001	-1.440980e+000
2.600623082288136e-005	5.100859e-002	2.976866e+000	-4.183357e+000	7.349481e-001	-1.417882e+000
2.600642503054038e-005	5.704916e-002	2.879189e+000	-3.988914e+000	7.349549e-001	-1.399992e+000
2.600657831986347e-005	6.524850e-002	2.803475e+000	-3.837349e+000	7.349603e-001	-1.385889e+000
2.600670125840330e-005	7.685944e-002	2.744108e+000	-3.715591e+000	7.349645e-001	-1.374610e+000
2.600686481150511e-005	9.910791e-002	2.666911e+000	-3.553267e+000	7.349703e-001	-1.359666e+000
2.600699383012023e-005	1.180798e-001	2.606855e+000	-3.427087e+000	7.349747e-001	-1.347936e+000
2.600713298157504e-005	1.370862e-001	2.542553e+000	-3.294461e+000	7.349796e-001	-1.335357e+000
2.600751302318248e-005	1.866079e-001	2.370019e+000	-2.947207e+000	7.349929e-001	-1.301408e+000
2.600792838448886e-005	2.423834e-001	2.188332e+000	-2.590481e+000	7.350073e-001	-1.265180e+000
2.600875910710162e-005	3.598829e-001	1.845113e+000	-1.941736e+000	7.350361e-001	-1.195733e+000
2.601042055232715e-005	6.080662e-001	1.201542e+000	-8.311083e-001	7.350934e-001	-1.063712e+000
2.601083591363353e-005	6.740890e-001	1.052207e+000	-5.911176e-001	7.351077e-001	-1.032730e+000
2.601166663624629e-005	8.134381e-001	7.720907e-001	-1.541644e-001	7.351362e-001	-9.741759e-001
2.601208701669916e-005	8.877521e-001	6.354325e-001	5.170575e-002	7.351505e-001	-9.456954e-001
2.601281635754890e-005	1.030862e+000	4.016705e-001	3.970984e-001	7.351754e-001	-8.981647e-001
2.601313724509099e-005	1.110437e+000	2.903876e-001	5.615275e-001	7.351863e-001	-8.776220e-001
2.601339052614118e-005	1.195658e+000	1.878666e-001	7.172153e-001	7.351949e-001	-8.613899e-001
2.601354931119488e-005	1.261653e+000	1.131360e-001	8.312895e-001	7.352002e-001	-8.509969e-001
2.601364534503201e-005	1.296593e+000	6.690691e-002	8.967523e-001	7.352034e-001	-8.445631e-001
2.601370629365832e-005	1.308804e+000	4.191220e-002	9.270156e-001	7.352055e-001	-8.404276e-001
2.601378223990161e-005	1.318975e+000	1.622253e-002	9.561709e-001	7.352080e-001	-8.352720e-001
2.601386977753120e-005	1.333909e+000	-1.078788e-002	9.896516e-001	7.352110e-001	-8.293654e-001
2.601396079046132e-005	1.352490e+000	-3.774761e-002	1.025447e+000	7.352141e-001	-8.232880e-001
2.601411778386976e-005	1.387333e+000	-8.353352e-002	1.087904e+000	7.352194e-001	-8.129626e-001
2.601435537751839e-005	1.442472e+000	-1.521777e-001	1.181938e+000	7.352273e-001	-7.977052e-001
2.601483056481566e-005	1.558277e+000	-2.867271e-001	1.366036e+000	7.352432e-001	-7.684093e-001
2.601578093941020e-005	1.804673e+000	-5.454056e-001	1.715877e+000	7.352749e-001	-7.131323e-001
2.601696012475190e-005	2.136228e+000	-8.444642e-001	2.119677e+000	7.353137e-001	-6.499740e-001
2.601869946631286e-005	2.677840e+000	-1.238969e+000	2.671569e+000	7.353703e-001	-5.668952e-001
2.602104307046621e-005	3.503796e+000	-1.691098e+000	3.373590e+000	7.354447e-001	-4.711389e-001
2.602417942806870e-005	4.796700e+000	-2.169242e+000	4.328276e+000	7.355408e-001	-3.688419e-001
2.602864644111989e-005	6.995910e+000	-2.668993e+000	5.842603e+000	7.356700e-001	-2.607433e-001
2.603320728225650e-005	9.703264e+000	-3.019509e+000	7.695712e+000	7.357916e-001	-1.841795e-001
2.603760134059153e-005	1.286216e+001	-3.236960e+000	9.906255e+000	7.358956e-001	-1.362534e-001
2.604241371049847e-005	1.700465e+001	-3.386560e+000	1.286407e+001	7.359921e-001	-1.029891e-001
2.604699101179070e-005	2.169682e+001	-3.473254e+000	1.626020e+001	7.360634e-001	-8.348501e-002
2.605205267777152e-005	2.785546e+001	-3.527880e+000	2.075511e+001	7.361141e-001	-7.095214e-002
2.605727092711108e-005	3.451071e+001	-3.665740e+000	1.649755e+001	4.719042e-001	-5.777762e-002
2.605874617919849e-005	3.582161e+001	-3.836021e+000	2.201956e+000	5.636364e-002	-4.768489e-002
2.605875452093183e-005	3.582402e+001	-3.836926e+000	1.995398e+000	5.060623e-002	-4.755881e-002
2.605877120439850e-005	3.582459e+001	-3.837250e+000	1.445624e+000	3.529391e-002	-4.723008e-002
2.605880457133185e-005	3.582567e+001	-3.836674e+000	3.517552e-001	4.829552e-003	-4.658547e-002
2.605887130519854e-005	3.582766e+001	-3.830956e+000	-1.781215e+000	-5.456736e-002	-4.536864e-002
2.605899022511562e-005	3.583066e+001	-3.808979e+000	-5.311454e+000	-1.528599e-001	-4.348027e-002
2.605913796320580e-005	3.583349e+001	-3.764090e+000	-8.953407e+000	-2.542515e-001	-4.179310e-002
2.605932598398561e-005	3.583564e+001	-3.686862e+000	-1.197036e+001	-3.382465e-001	-4.093481e-002
2.605953780034704e-005	3.583619e+001	-3.590668e+000	-1.274519e+001	-3.598446e-001	-4.185075e-002
2.605981425889373e-005	3.583454e+001	-3.474698e+000	-1.030199e+001	-2.918815e-001	-4.531286e-002
2.605996655941681e-005	3.583241e+001	-3.427025e+000	-7.429871e+000	-2.119502e-001	-4.809218e-002
2.606009541328511e-005	3.582974e+001	-3.404517e+000	-4.161651e+000	-1.209795e-001	-5.081828e-002
2.606033420401868e-005	3.582344e+001	-3.409606e+000	2.435626e+000	6.269063e-002	-5.567547e-002
2.606045578222663e-005	3.581987e+001	-3.434347e+000	5.547617e+000	1.493442e-001	-5.769007e-002
2.606057939200942e-005	3.581643e+001	-3.473099e+000	8.167584e+000	2.223030e-001	-5.916435e-002
2.606075202269078e-005	3.581277e+001	-3.542155e+000	1.063085e+001	2.908970e-001	-6.013838e-002
2.606094558050645e-005	3.581144e+001	-3.626457e+000	1.147152e+001	3.142876e-001	-5.967960e-002
2.606121066128027e-005	3.581399e+001	-3.735474e+000	9.863100e+000	2.694526e-001	-5.700153e-002
2.606136915871276e-005	3.581737e+001	-3.787567e+000	7.522407e+000	2.042599e-001	-5.448222e-002
2.606150227628496e-005	3.582087e+001	-3.816381e+000	4.752979e+000	1.271572e-001	-5.190712e-002
2.606162517422541e-005	3.582405e+001	-3.829034e+000	1.887989e+000	4.741791e-002	-4.943477e-002
2.606175380540276e-005	3.582708e+001	-3.828002e+000	-1.164292e+000	-3.751339e-002	-4.694443e-002
2.606187634832841e-005	3.582951e+001	-3.813736e+000	-3.880365e+000	-1.130737e-001	-4.484036e-002
2.606202399190660e-005	3.583173e+001	-3.781528e+000	-6.596746e+000	-1.886263e-001	-4.285643e-002
2.606220246660542e-005	3.583338e+001	-3.728326e+000	-8.749163e+000	-2.484719e-001	-4.141961e-002
2.606241803074155e-005	3.583387e+001	-3.656700e+000	-9.398299e+000	-2.664752e-001	-4.116860e-002
2.606268780929441e-005	3.583265e+001	-3.573417e+000	-7.731221e+000	-2.200054e-001	-4.258003e-002
2.606284257225331e-005	3.583097e+001	-3.537450e+000	-5.610555e+000	-1.609385e-001	-4.410765e-002
2.606297220542426e-005	3.582893e+001	-3.520392e+000	-3.200032e+000	-9.380519e-002	-4.570724e-002
2.606309124455274e-005	3.582671e+001	-3.516347e+000	-7.703635e-001	-2.613585e-002	-4.720749e-002
2.606321116813043e-005	3.582427e+001	-3.523586e+000	1.687103e+000	4.231341e-002	-4.860266e-002
2.606333287380879e-005	3.582174e+001	-3.541631e+000	4.012071e+000	1.070796e-001	-4.977771e-002
2.606345494553756e-005	3.581940e+001	-3.569666e+000	5.966317e+000	1.615270e-001	-5.056953e-002
2.606362115374637e-005	3.581700e+001	-3.618708e+000	7.807572e+000	2.128402e-001	-5.092306e-002
2.606381098459777e-005	3.581597e+001	-3.680626e+000	8.561945e+000	2.338887e-001	-5.026192e-002
2.606406475241927e-005	3.581725e+001	-3.760345e+000	7.629309e+000	2.079705e-001	-4.796839e-002
2.606422954642214e-005	3.581945e+001	-3.802893e+000	5.936258e+000	1.608679e-001	-4.577025e-002
2.606436519905900e-005	3.582187e+001	-3.826985e+000	3.903746e+000	1.043182e-001	-4.360405e-002
2.606448869511722e-005	3.582417e+001	-3.838368e+000	1.786096e+000	4.540582e-002	-4.154649e-002
2.606462121325358e-005	3.582651e+001	-3.839476e+000	-5.571156e-001	-1.977325e-002	-3.940403e-002
2.606474305304747e-005	3.582839e+001	-3.830556e+000	-2.596578e+000	-7.649517e-002	-3.762414e-002
2.606488436052998e-005	3.583012e+001	-3.809275e+000	-4.600105e+000	-1.322077e-001	-3.594203e-002
2.606505936592396e-005	3.583150e+001	-3.771993e+000	-6.308021e+000	-1.796832e-001	-3.454396e-002
2.606526801727438e-005	3.583206e+001	-3.720910e+000	-6.998631e+000	-1.988419e-001	-3.393883e-002
2.606552833146749e-005	3.583135e+001	-3.659729e+000	-6.085311e+000	-1.733523e-001	-3.446604e-002
2.606569175207710e-005	3.583010e+001	-3.629502e+000	-4.564948e+000	-1.309924e-001	-3.541041e-002
2.606582534234267e-005	3.582856e+001	-3.614323e+000	-2.793736e+000	-8.165447e-002	-3.647327e-002
2.606594562941839e-005	3.582692e+001	-3.609380e+000	-9.936735e-001	-3.151247e-002	-3.749148e-002
2.606606492906492e-005	3.582514e+001	-3.612915e+000	8.324056e-001	1.935815e-002	-3.844460e-002
2.606618694308382e-005	3.582330e+001	-3.624655e+000	2.604588e+000	6.873357e-002	-3.926574e-002
2.606630917601501e-005	3.582159e+001	-3.643989e+000	4.138152e+000	1.114692e-001	-3.983274e-002
2.606646195303182e-005	3.581992e+001	-3.676124e+000	5.546194e+000	1.507215e-001	-4.008552e-002
2.606664617727927e-005	3.581894e+001	-3.720601e+000	6.345770e+000	1.730416e-001	-3.967167e-002
2.606687847982951e-005	3.581934e+001	-3.776336e+000	6.021144e+000	1.640727e-001	-3.817638e-002
2.606708670696467e-005	3.582102e+001	-3.818907e+000	4.636675e+000	1.255900e-001	-3.611356e-002
2.606722983132027e-005	3.582273e+001	-3.839756e+000	3.129295e+000	8.366998e-002	-3.437926e-002
2.606735444133301e-005	3.582439e+001	-3.849749e+000	1.558599e+000	3.998528e-002	-3.276869e-002
2.606747541661681e-005	3.582599e+001	-3.851928e+000	-3.772983e-002	-4.411447e-003	-3.123492e-002
2.606759805317158e-005	3.582748e+001	-3.846890e+000	-1.600967e+000	-4.788516e-002	-2.980008e-002
2.606772427901295e-005	3.582874e+001	-3.834468e+000	-3.005820e+000	-8.694993e-002	-2.855318e-002
2.606789843684651e-005	3.582997e+001	-3.808677e+000	-4.439589e+000	-1.268091e-001	-2.730042e-002
2.606809162046094e-005	3.583059e+001	-3.774189e+000	-5.171165e+000	-1.471257e-001	-2.661146e-002
2.606834351934930e-005	3.583028e+001	-3.729352e+000	-4.798302e+000	-1.366963e-001	-2.669806e-002
2.606856358989454e-005	3.582913e+001	-3.697495e+000	-3.446764e+000	-9.903390e-002	-2.746028e-002
2.606870428923192e-005	3.582795e+001	-3.684738e+000	-2.114397e+000	-6.191731e-002	-2.821735e-002
2.606882480253877e-005	3.582670e+001	-3.680826e+000	-7.779595e-001	-2.468774e-002	-2.893935e-002
2.606894377923445e-005	3.582538e+001	-3.683293e+000	5.777760e-001	1.308273e-002	-2.961539e-002
2.606906555312342e-005	3.582403e+001	-3.691854e+000	1.897988e+000	4.986888e-002	-3.019718e-002
2.606918788983926e-005	3.582280e+001	-3.706091e+000	3.049515e+000	8.196235e-002	-3.059670e-002
2.606933758603096e-005	3.582162e+001	-3.729370e+000	4.094731e+000	1.111065e-001	-3.075990e-002
2.606952083695887e-005	3.582090e+001	-3.762289e+000	4.720715e+000	1.285898e-001	-3.043713e-002
2.606974883138810e-005	3.582114e+001	-3.803124e+000	4.516600e+000	1.229746e-001	-2.932028e-002
2.606997418217229e-005	3.582239e+001	-3.837569e+000	3.416424e+000	9.241183e-002	-2.762465e-002
2.607012037659071e-005	3.582364e+001	-3.853385e+000	2.271765e+000	6.058831e-002	-2.628110e-002
2.607024507106078e-005	3.582485e+001	-3.860608e+000	1.096401e+000	2.790411e-002	-2.505846e-002
2.607036608007883e-005	3.582603e+001	-3.861971e+000	-9.366164e-002	-5.190522e-003	-2.389821e-002
2.607048815966116e-005	3.582713e+001	-3.857956e+000	-1.247606e+000	-3.728047e-002	-2.282192e-002
2.607061755715703e-005	3.582810e+001	-3.848193e+000	-2.308097e+000	-6.676959e-002	-2.186235e-002
2.607079227890624e-005	3.582903e+001	-3.828636e+000	-3.350905e+000	-9.576093e-002	-2.092547e-002
2.607098873722108e-005	3.582947e+001	-3.802419e+000	-3.860023e+000	-1.098994e-001	-2.041173e-002
2.607124274890443e-005	3.582920e+001	-3.768814e+000	-3.538321e+000	-1.009090e-001	-2.047534e-002
2.607143982616377e-005	3.582838e+001	-3.747609e+000	-2.621869e+000	-7.537214e-002	-2.097150e-002
2.607157666852497e-005	3.582751e+001	-3.738231e+000	-1.655483e+000	-4.845111e-002	-2.150723e-002
2.607169727412530e-005	3.582658e+001	-3.734988e+000	-6.638788e-001	-2.082730e-002	-2.203273e-002
2.607181624281159e-005	3.582560e+001	-3.736466e+000	3.464959e-001	7.322126e-003	-2.252835e-002
2.607193835621682e-005	3.582460e+001	-3.742517e+000	1.339244e+000	3.498486e-002	-2.295941e-002
2.607206079561509e-005	3.582368e+001	-3.752813e+000	2.212027e+000	5.931099e-002	-2.325954e-002
2.607220550259117e-005	3.582284e+001	-3.769285e+000	2.991231e+000	8.103992e-002	-2.338658e-002
2.607238684998750e-005	3.582228e+001	-3.793432e+000	3.501279e+000	9.528664e-002	-2.317013e-002
2.607260801477573e-005	3.582240e+001	-3.822909e+000	3.396499e+000	9.242685e-002	-2.237737e-002
2.607287075616113e-005	3.582342e+001	-3.852751e+000	2.460397e+000	6.643341e-002	-2.090072e-002
2.607302382273221e-005	3.582436e+001	-3.864786e+000	1.566718e+000	4.159241e-002	-1.984503e-002
2.607314871497516e-005	3.582525e+001	-3.869539e+000	6.814173e-001	1.697641e-002	-1.892552e-002
2.607328047813319e-005	3.582620e+001	-3.869815e+000	-2.818128e-001	-9.808970e-003	-1.798672e-002
2.607340177801565e-005	3.582699e+001	-3.865960e+000	-1.115941e+000	-3.300482e-002	-1.720711e-002
2.607354607891887e-005	3.582776e+001	-3.856789e+000	-1.948631e+000	-5.615953e-002	-1.644880e-002
2.607372197389320e-005	3.582838e+001	-3.841174e+000	-2.632078e+000	-7.515955e-002	-1.581976e-002
2.607393425603168e-005	3.582860e+001	-3.819798e+000	-2.879562e+000	-8.202498e-002	-1.551872e-002
2.607419852515552e-005	3.582821e+001	-3.794652e+000	-2.442516e+000	-6.983423e-002	-1.568516e-002
2.607435780495367e-005	3.582763e+001	-3.782990e+000	-1.803744e+000	-5.203761e-002	-1.602968e-002
2.607448954559157e-005	3.582695e+001	-3.777309e+000	-1.068282e+000	-3.154995e-002	-1.642875e-002
2.607460929578739e-005	3.582624e+001	-3.775726e+000	-3.234537e-001	-1.080026e-002	-1.681236e-002
2.607472901142958e-005	3.582550e+001	-3.777616e+000	4.318485e-001	1.024380e-002	-1.716936e-002
2.607485101574561e-005	3.582476e+001	-3.782858e+000	1.156610e+000	3.044078e-002	-1.746730e-002
2.607497358543730e-005	3.582412e+001	-3.791208e+000	1.778737e+000	4.778317e-002	-1.765832e-002
2.607512878199111e-005	3.582353e+001	-3.805020e+000	2.345780e+000	6.360082e-002	-1.770658e-002
2.607531462545252e-005	3.582321e+001	-3.823753e+000	2.641779e+000	7.188086e-002	-1.746331e-002
2.607555114428191e-005	3.582340e+001	-3.847299e+000	2.465998e+000	6.703816e-002	-1.675550e-002
2.607573692320618e-005	3.582396e+001	-3.863024e+000	1.936051e+000	5.232413e-002	-1.594445e-002
2.607587606736879e-005	3.582459e+001	-3.871476e+000	1.322949e+000	3.528419e-002	-1.521583e-002
2.607600024533920e-005	3.582524e+001	-3.875754e+000	6.755278e-001	1.728444e-002	-1.452840e-002
2.607612134727347e-005	3.582590e+001	-3.876822e+000	1.354027e-002	-1.122980e-003	-1.387014e-002
2.607624410029579e-005	3.582653e+001	-3.874896e+000	-6.366942e-001	-1.920486e-002	-1.325181e-002
2.607636800583650e-005	3.582707e+001	-3.869999e+000	-1.212331e+000	-3.521244e-002	-1.272031e-002
2.607654143870572e-005	3.582763e+001	-3.859545e+000	-1.814361e+000	-5.195215e-002	-1.216751e-002
2.607673239219317e-005	3.582792e+001	-3.845554e+000	-2.130409e+000	-6.073360e-002	-1.184454e-002
2.607698297315329e-005	3.582779e+001	-3.827187e+000	-1.992948e+000	-5.688984e-002	-1.183365e-002
2.607721853775104e-005	3.582725e+001	-3.813167e+000	-1.401641e+000	-4.041379e-002	-1.213515e-002
2.607736196787526e-005	3.582672e+001	-3.807903e+000	-8.404671e-001	-2.478096e-002	-1.243553e-002
2.607748252499051e-005	3.582619e+001	-3.806454e+000	-2.858728e-001	-9.330898e-003	-1.271990e-002
2.607760159750324e-005	3.582564e+001	-3.807651e+000	2.750628e-001	6.297790e-003	-1.298450e-002
2.607772323892297e-005	3.582510e+001	-3.811353e+000	8.181044e-001	2.143087e-002	-1.320827e-002
2.607784575267850e-005	3.582462e+001	-3.817394e+000	1.290573e+000	3.460156e-002	-1.335617e-002
2.607799596362475e-005	3.582417e+001	-3.827193e+000	1.716460e+000	4.648172e-002	-1.340159e-002
2.607817980509001e-005	3.582392e+001	-3.840958e+000	1.963884e+000	5.340092e-002	-1.324001e-002
2.607840891814069e-005	3.582402e+001	-3.858033e+000	1.867602e+000	5.076004e-002	-1.274579e-002
2.607862151506144e-005	3.582447e+001	-3.871578e+000	1.432554e+000	3.868474e-002	-1.206077e-002
2.607876539781456e-005	3.582494e+001	-3.878124e+000	9.650052e-001	2.569181e-002	-1.149975e-002
2.607888994491759e-005	3.582543e+001	-3.881244e+000	4.796047e-001	1.219736e-002	-1.098335e-002
2.607901094436328e-005	3.582591e+001	-3.881940e+000	-1.374601e-002	-1.520526e-003	-1.049172e-002
2.607913321525837e-005	3.582638e+001	-3.880405e+000	-4.947848e-001	-1.489730e-002	-1.003285e-002
2.607925989632885e-005	3.582679e+001	-3.876570e+000	-9.293076e-001	-2.698087e-002	-9.629735e-003
2.607943387978711e-005	3.582721e+001	-3.868642e+000	-1.369422e+000	-3.921877e-002	-9.221984e-003
2.607962764573959e-005	3.582741e+001	-3.858015e+000	-1.592631e+000	-4.542058e-002	-8.986683e-003
2.607987996890433e-005	3.582730e+001	-3.844233e+000	-1.474951e+000	-4.213243e-002	-8.985109e-003
2.608009442084104e-005	3.582692e+001	-3.834711e+000	-1.068277e+000	-3.080140e-002	-9.190359e-003
2.608023428088847e-005	3.582654e+001	-3.830813e+000	-6.601640e-001	-1.943257e-002	-9.407372e-003
2.608035491485499e-005	3.582614e+001	-3.829593e+000	-2.481945e-001	-7.955824e-003	-9.617737e-003
2.608047396323288e-005	3.582573e+001	-3.830336e+000	1.703426e-001	3.705380e-003	-9.814966e-003
2.608059591315104e-005	3.582533e+001	-3.832961e+000	5.791013e-001	1.509640e-002	-9.983911e-003
2.608071847914308e-005	3.582497e+001	-3.837337e+000	9.374732e-001	2.508651e-002	-1.009808e-002
2.608086394622561e-005	3.582464e+001	-3.844296e+000	1.255938e+000	3.397004e-002	-1.013796e-002
2.608104589464885e-005	3.582443e+001	-3.854406e+000	1.458281e+000	3.962708e-002	-1.003105e-002
2.608126844582388e-005	3.582449e+001	-3.866770e+000	1.406745e+000	3.822252e-002	-9.683377e-003
2.608151426066733e-005	3.582486e+001	-3.878443e+000	1.040731e+000	2.806577e-002	-9.096264e-003
2.608166427027262e-005	3.582522e+001	-3.883443e+000	6.780290e-001	1.798731e-002	-8.659783e-003
2.608178912620776e-005	3.582558e+001	-3.885557e+000	3.125303e-001	7.826424e-003	-8.272703e-003
2.608192071494634e-005	3.582598e+001	-3.885832e+000	-8.674838e-002	-3.275671e-003	-7.876234e-003
2.608204218049062e-005	3.582631e+001	-3.884378e+000	-4.359684e-001	-1.298685e-002	-7.543640e-003
2.608218223595927e-005	3.582664e+001	-3.880841e+000	-7.775243e-001	-2.248516e-002	-7.226165e-003
2.608235692931110e-005	3.582692e+001	-3.874553e+000	-1.071988e+000	-3.067279e-002	-6.948786e-003
2.608256461621075e-005	3.582703e+001	-3.865936e+000	-1.193381e+000	-3.404351e-002	-6.802273e-003
2.608282467694899e-005	3.582689e+001	-3.855559e+000	-1.041744e+000	-2.981343e-002	-6.841653e-003
2.608298869831488e-005	3.582664e+001	-3.850405e+000	-7.829546e-001	-2.260351e-002	-6.974137e-003
2.608312270047177e-005	3.582635e+001	-3.847822e+000	-4.801426e-001	-1.416815e-002	-7.134073e-003
2.608324318517871e-005	3.582606e+001	-3.846992e+000	-1.720786e-001	-5.585926e-003	-7.289609e-003
2.608336259487133e-005	3.582575e+001	-3.847611e+000	1.407522e-001	3.130285e-003	-7.435091e-003
2.608348478760395e-005	3.582545e+001	-3.849634e+000	4.450125e-001	1.160947e-002	-7.558604e-003
2.608360741394592e-005	3.582519e+001	-3.852955e+000	7.101200e-001	1.900010e-002	-7.640315e-003
2.608375444404693e-005	3.582495e+001	-3.858253e+000	9.461041e-001	2.558354e-002	-7.665418e-003
2.608393705333536e-005	3.582480e+001	-3.865851e+000	1.090692e+000	2.962738e-002	-7.578324e-003
2.608416194032777e-005	3.582485e+001	-3.875190e+000	1.045935e+000	2.840509e-002	-7.309677e-003
2.608439192660569e-005	3.582511e+001	-3.883363e+000	7.882214e-001	2.125443e-002	-6.895894e-003
2.608453907195368e-005	3.582537e+001	-3.887072e+000	5.229824e-001	1.388474e-002	-6.574761e-003
2.608466385648133e-005	3.582564e+001	-3.888730e+000	2.516131e-001	6.341057e-003	-6.284995e-003
2.608479532385346e-005	3.582593e+001	-3.889030e+000	-4.603262e-002	-1.934833e-003	-5.987244e-003
2.608491640411250e-005	3.582618e+001	-3.888038e+000	-3.074306e-001	-9.203736e-003	-5.736597e-003
2.608505294711899e-005	3.582643e+001	-3.885561e+000	-5.598928e-001	-1.622448e-002	-5.500465e-003
2.608522630834493e-005	3.582664e+001	-3.880998e+000	-7.864354e-001	-2.252378e-002	-5.286274e-003
2.608543024569073e-005	3.582674e+001	-3.874718e+000	-8.892135e-001	-2.537860e-002	-5.166556e-003
2.608568643706117e-005	3.582665e+001	-3.867016e+000	-7.951959e-001	-2.275489e-002	-5.181197e-003
2.608585704410933e-005	3.582647e+001	-3.862900e+000	-6.038548e-001	-1.742395e-002	-5.276773e-003
2.608599295847315e-005	3.582625e+001	-3.860827e+000	-3.796094e-001	-1.117716e-002	-5.394290e-003
2.608611399641579e-005	3.582603e+001	-3.860102e+000	-1.504622e-001	-4.793445e-003	-5.509666e-003
2.608623314510465e-005	3.582581e+001	-3.860465e+000	8.248571e-002	1.697025e-003	-5.618085e-003
2.608635545107395e-005	3.582558e+001	-3.861882e+000	3.113783e-001	8.075818e-003	-5.711567e-003
2.608647805962083e-005	3.582538e+001	-3.864272e+000	5.128736e-001	1.369299e-002	-5.775217e-003
2.608661950360304e-005	3.582520e+001	-3.867995e+000	6.890871e-001	1.860870e-002	-5.797993e-003
2.608679992792921e-005	3.582508e+001	-3.873555e+000	8.084256e-001	2.194504e-002	-5.742188e-003
2.608701735980195e-005	3.582510e+001	-3.880268e+000	7.871104e-001	2.136923e-002	-5.555128e-003
2.608729151006650e-005	3.582533e+001	-3.887486e+000	5.631299e-001	1.515563e-002	-5.189651e-003
2.608744699587681e-005	3.582553e+001	-3.890309e+000	3.538099e-001	9.339864e-003	-4.936426e-003
2.608757214569462e-005	3.582573e+001	-3.891388e+000	1.487069e-001	3.638251e-003	-4.719108e-003
2.608770393227492e-005	3.582595e+001	-3.891423e+000	-7.332671e-002	-2.535336e-003	-4.498123e-003
2.608782503194973e-005	3.582614e+001	-3.890508e+000	-2.643217e-001	-7.846516e-003	-4.315294e-003
2.608797168798877e-005	3.582632e+001	-3.888330e+000	-4.570154e-001	-1.320514e-002	-4.134440e-003
2.608814819203447e-005	3.582647e+001	-3.884702e+000	-6.104429e-001	-1.747112e-002	-3.986354e-003
2.608836327113503e-005	3.582652e+001	-3.879737e+000	-6.605792e-001	-1.886214e-002	-3.914112e-003
2.608863071544766e-005	3.582641e+001	-3.873979e+000	-5.491244e-001	-1.575449e-002	-3.950064e-003
2.608878700210078e-005	3.582627e+001	-3.871437e+000	-4.001947e-001	-1.160541e-002	-4.025287e-003
2.608891740131569e-005	3.582610e+001	-3.870236e+000	-2.301173e-001	-6.867493e-003	-4.112970e-003
2.608903678169627e-005	3.582594e+001	-3.869957e+000	-5.830321e-002	-2.080773e-003	-4.197058e-003
2.608915683411022e-005	3.582576e+001	-3.870474e+000	1.158293e-001	2.771299e-003	-4.274767e-003
2.608927883902232e-005	3.582560e+001	-3.871758e+000	2.814223e-001	7.386530e-003	-4.337932e-003
2.608940160121845e-005	3.582546e+001	-3.873750e+000	4.225861e-001	1.132253e-002	-4.375931e-003
2.608955771009868e-005	3.582533e+001	-3.877015e+000	5.497800e-001	1.487225e-002	-4.378825e-003
2.608974439431975e-005	3.582527e+001	-3.881392e+000	6.120053e-001	1.661586e-002	-4.312231e-003
2.608998334600587e-005	3.582532e+001	-3.886883e+000	5.635446e-001	1.528168e-002	-4.135309e-003
2.609016170506303e-005	3.582544e+001	-3.890343e+000	4.419283e-001	1.190687e-002	-3.948121e-003
2.609029958102700e-005	3.582558e+001	-3.892250e+000	2.997086e-001	7.955448e-003	-3.776752e-003
2.609042357656350e-005	3.582573e+001	-3.893201e+000	1.499088e-001	3.791533e-003	-3.615114e-003
2.609055503080969e-005	3.582589e+001	-3.893418e+000	-1.568450e-002	-8.124713e-004	-3.447617e-003
2.609067644196681e-005	3.582603e+001	-3.892914e+000	-1.623279e-001	-4.890181e-003	-3.305468e-003
2.609080956620870e-005	3.582617e+001	-3.891619e+000	-3.011408e-001	-8.750404e-003	-3.174173e-003
2.609098205605247e-005	3.582629e+001	-3.889143e+000	-4.306153e-001	-1.235067e-002	-3.050396e-003
2.609118238757373e-005	3.582635e+001	-3.885735e+000	-4.933285e-001	-1.409298e-002	-2.977961e-003
2.609143584250068e-005	3.582631e+001	-3.881477e+000	-4.493149e-001	-1.286413e-002	-2.978124e-003
2.609161676905464e-005	3.582621e+001	-3.879009e+000	-3.406741e-001	-9.837158e-003	-3.030135e-003
2.609175395494061e-005	3.582609e+001	-3.877810e+000	-2.166932e-001	-6.383352e-003	-3.093835e-003
2.609187520470142e-005	3.582596e+001	-3.877380e+000	-8.953313e-002	-2.840783e-003	-3.156934e-003
2.609199421280814e-005	3.582584e+001	-3.877558e+000	3.988996e-002	7.653203e-004	-3.216385e-003
2.609211656026072e-005	3.582571e+001	-3.878323e+000	1.677118e-001	4.327554e-003	-3.267927e-003
2.609223919011587e-005	3.582560e+001	-3.879631e+000	2.809092e-001	7.483292e-003	-3.303334e-003
2.609237666657690e-005	3.582550e+001	-3.881623e+000	3.782074e-001	1.019763e-002	-3.316193e-003
2.609255568456575e-005	3.582543e+001	-3.884683e+000	4.481206e-001	1.215203e-002	-3.286972e-003
2.609276827559924e-005	3.582544e+001	-3.888328e+000	4.399194e-001	1.193372e-002	-3.186089e-003
2.609307091727171e-005	3.582558e+001	-3.892740e+000	3.040039e-001	8.163957e-003	-2.960742e-003
2.609323210842059e-005	3.582570e+001	-3.894329e+000	1.831130e-001	4.805355e-003	-2.813797e-003
2.609335760013891e-005	3.582581e+001	-3.894871e+000	6.802692e-002	1.606179e-003	-2.691812e-003
2.609348960674341e-005	3.582593e+001	-3.894823e+000	-5.534069e-002	-1.823972e-003	-2.568739e-003
2.609361033255269e-005	3.582603e+001	-3.894253e+000	-1.595868e-001	-4.722806e-003	-2.468409e-003
2.609376371443517e-005	3.582613e+001	-3.892917e+000	-2.677412e-001	-7.730419e-003	-2.365793e-003
2.609394214875457e-005	3.582621e+001	-3.890827e+000	-3.468046e-001	-9.928589e-003	-2.287189e-003
2.609416515327079e-005	3.582623e+001	-3.887977e+000	-3.637207e-001	-1.039684e-002	-2.252832e-003
2.609444198049209e-005	3.582615e+001	-3.884788e+000	-2.847888e-001	-8.196570e-003	-2.281400e-003
2.609459060444443e-005	3.582607e+001	-3.883561e+000	-1.996937e-001	-5.825872e-003	-2.323736e-003
2.609471743709376e-005	3.582598e+001	-3.883032e+000	-1.044166e-001	-3.171595e-003	-2.371563e-003
2.609483583709205e-005	3.582588e+001	-3.882990e+000	-8.734381e-003	-5.057410e-004	-2.416756e-003
2.609495671837834e-005	3.582579e+001	-3.883388e+000	8.794245e-002	2.188306e-003	-2.457822e-003
2.609507856169881e-005	3.582570e+001	-3.884199e+000	1.774801e-001	4.684092e-003	-2.489377e-003
2.609520145248927e-005	3.582563e+001	-3.885394e+000	2.516847e-001	6.753518e-003	-2.505708e-003
2.609536782610985e-005	3.582556e+001	-3.887411e+000	3.185180e-001	8.619600e-003	-2.499355e-003
2.609555956998691e-005	3.582553e+001	-3.889927e+000	3.407922e-001	9.246487e-003	-2.450385e-003
2.609581736609638e-005	3.582558e+001	-3.893129e+000	2.933407e-001	7.934782e-003	-2.330378e-003
2.609597635208588e-005	3.582565e+001	-3.894723e+000	2.238110e-001	6.004659e-003	-2.231270e-003
2.609610868202441e-005	3.582573e+001	-3.895612e+000	1.426725e-001	3.750066e-003	-2.136667e-003
2.609623119472121e-005	3.582581e+001	-3.896020e+000	5.846680e-002	1.409360e-003	-2.047047e-003
2.609635843011440e-005	3.582590e+001	-3.896026e+000	-3.053642e-002	-1.065234e-003	-1.957525e-003
2.609648051200264e-005	3.582598e+001	-3.895641e+000	-1.103573e-001	-3.284813e-003	-1.880136e-003
2.609662652900000e-005	3.582605e+001	-3.894742e+000	-1.897349e-001	-5.492165e-003	-1.804405e-003
2.609680458679749e-005	3.582612e+001	-3.893225e+000	-2.535351e-001	-7.266050e-003	-1.741299e-003
2.609701896416225e-005	3.582614e+001	-3.891180e+000	-2.735374e-001	-7.820887e-003	-1.710216e-003
2.609728858970459e-005	3.582609e+001	-3.888788e+000	-2.258931e-001	-6.492377e-003	-1.723789e-003
2.609744399272733e-005	3.582603e+001	-3.887753e+000	-1.639927e-001	-4.767799e-003	-1.753864e-003
2.609757408347077e-005	3.582596e+001	-3.887269e+000	-9.331895e-002	-2.798929e-003	-1.789271e-003
2.609769337282079e-005	3.582589e+001	-3.887166e+000	-2.199890e-002	-8.118715e-004	-1.823210e-003
2.609781351849689e-005	3.582582e+001	-3.887393e+000	5.026335e-002	1.201768e-003	-1.854465e-003
2.609793551562392e-005	3.582576e+001	-3.887936e+000	1.188007e-001	3.112092e-003	-1.879571e-003
2.609805833342240e-005	3.582570e+001	-3.888773e+000	1.771449e-001	4.739023e-003	-1.894200e-003
2.609821366443161e-005	3.582565e+001	-3.890131e+000	2.292591e-001	6.193648e-003	-1.893934e-003
2.609840024558889e-005	3.582562e+001	-3.891954e+000	2.545803e-001	6.903533e-003	-1.864619e-003
2.609863871121272e-005	3.582564e+001	-3.894235e+000	2.340532e-001	6.338618e-003	-1.789368e-003
2.609881572907109e-005	3.582569e+001	-3.895664e+000	1.837461e-001	4.942848e-003	-1.710922e-003
2.609895343935729e-005	3.582574e+001	-3.896458e+000	1.247119e-001	3.302820e-003	-1.638917e-003
2.609907752712010e-005	3.582581e+001	-3.896857e+000	6.247347e-002	1.572937e-003	-1.570944e-003
2.609920758858146e-005	3.582587e+001	-3.896951e+000	-5.545790e-003	-3.181005e-004	-1.501286e-003
2.609932910092599e-005	3.582593e+001	-3.896747e+000	-6.651926e-002	-2.013513e-003	-1.441389e-003
2.609946132716399e-005	3.582599e+001	-3.896219e+000	-1.238647e-001	-3.608163e-003	-1.386299e-003
2.609963398011803e-005	3.582604e+001	-3.895198e+000	-1.779289e-001	-5.111461e-003	-1.333555e-003
2.609983341303241e-005	3.582607e+001	-3.893797e+000	-2.042777e-001	-5.843446e-003	-1.302055e-003
2.610008675414578e-005	3.582605e+001	-3.892037e+000	-1.864212e-001	-5.344769e-003	-1.300293e-003
2.610027134596775e-005	3.582601e+001	-3.890996e+000	-1.405905e-001	-4.067739e-003	-1.321099e-003
2.610040853448940e-005	3.582596e+001	-3.890503e+000	-8.917711e-002	-2.635420e-003	-1.346700e-003
2.610052969110029e-005	3.582590e+001	-3.890330e+000	-3.642210e-002	-1.165645e-003	-1.372168e-003
2.610064871929967e-005	3.582585e+001	-3.890408e+000	1.729361e-002	3.311024e-004	-1.396147e-003
2.610077105045486e-005	3.582580e+001	-3.890730e+000	7.030216e-002	1.808466e-003	-1.416808e-003
2.610089372899659e-005	3.582576e+001	-3.891277e+000	1.172841e-001	3.118327e-003	-1.430808e-003
2.610102937636442e-005	3.582571e+001	-3.892096e+000	1.571562e-001	4.230751e-003	-1.435352e-003
2.610120788548828e-005	3.582568e+001	-3.893367e+000	1.862859e-001	5.045203e-003	-1.422440e-003
2.610141861570278e-005	3.582569e+001	-3.894874e+000	1.833575e-001	4.968003e-003	-1.380122e-003
2.610171958924023e-005	3.582574e+001	-3.896712e+000	1.279566e-001	3.431769e-003	-1.285952e-003
2.610188077908347e-005	3.582579e+001	-3.897384e+000	7.807936e-002	2.046233e-003	-1.224266e-003
2.610200662181544e-005	3.582584e+001	-3.897621e+000	3.027630e-002	7.174985e-004	-1.172848e-003
2.610213896467497e-005	3.582589e+001	-3.897612e+000	-2.110202e-002	-7.109579e-004	-1.120861e-003
2.610225976673430e-005	3.582593e+001	-3.897385e+000	-6.458119e-002	-1.919953e-003	-1.078389e-003
2.610241137205600e-005	3.582597e+001	-3.896847e+000	-1.093711e-001	-3.165442e-003	-1.035168e-003
2.610258920191555e-005	3.582601e+001	-3.895992e+000	-1.428451e-001	-4.096065e-003	-1.001179e-003
2.610281012555214e-005	3.582602e+001	-3.894824e+000	-1.510741e-001	-4.323978e-003	-9.850874e-004
2.610308432399940e-005	3.582598e+001	-3.893505e+000	-1.201891e-001	-3.462890e-003	-9.945534e-004
2.610323490978474e-005	3.582595e+001	-3.892979e+000	-8.508461e-002	-2.484836e-003	-1.011307e-003
2.610336264919341e-005	3.582591e+001	-3.892748e+000	-4.560261e-002	-1.384878e-003	-1.030613e-003
2.610348129694070e-005	3.582587e+001	-3.892721e+000	-5.894537e-003	-2.785082e-004	-1.048948e-003
2.610360196725984e-005	3.582583e+001	-3.892876e+000	3.426463e-002	8.406292e-004	-1.065635e-003
2.610372385987236e-005	3.582580e+001	-3.893205e+000	7.172099e-002	1.884733e-003	-1.078529e-003
2.610384676546609e-005	3.582577e+001	-3.893694e+000	1.030587e-001	2.758712e-003	-1.085277e-003
2.610400813445200e-005	3.582574e+001	-3.894501e+000	1.310252e-001	3.539572e-003	-1.082914e-003
2.610419771189992e-005	3.582573e+001	-3.895537e+000	1.419575e-001	3.846821e-003	-1.063343e-003
2.610444717019701e-005	3.582574e+001	-3.896845e+000	1.254939e-001	3.392400e-003	-1.015853e-003
2.610461070363277e-005	3.582577e+001	-3.897550e+000	9.724403e-002	2.608428e-003	-9.737072e-004
2.610474504993450e-005	3.582580e+001	-3.897950e+000	6.387378e-002	1.681313e-003	-9.336681e-004
2.610486829235905e-005	3.582584e+001	-3.898144e+000	2.901099e-002	7.123120e-004	-8.957628e-004
2.610499663536226e-005	3.582587e+001	-3.898170e+000	-8.313882e-003	-3.253698e-004	-8.575239e-004
2.610511874339972e-005	3.582591e+001	-3.898031e+000	-4.188629e-002	-1.258862e-003	-8.244085e-004
2.610525873668570e-005	3.582594e+001	-3.897695e+000	-7.443767e-002	-2.164015e-003	-7.928300e-004
2.610543460737124e-005	3.582597e+001	-3.897093e+000	-1.025384e-001	-2.945308e-003	-7.646897e-004
2.610564228486590e-005	3.582598e+001	-3.896276e+000	-1.136863e-001	-3.254762e-003	-7.491140e-004
2.610590440675222e-005	3.582596e+001	-3.895288e+000	-9.841861e-002	-2.828785e-003	-7.509909e-004
2.610606705256445e-005	3.582594e+001	-3.894810e+000	-7.353257e-002	-2.135371e-003	-7.623209e-004
2.610620052034829e-005	3.582591e+001	-3.894574e+000	-4.447906e-002	-1.325945e-003	-7.764950e-004
2.610632085994903e-005	3.582588e+001	-3.894504e+000	-1.495893e-002	-5.034602e-004	-7.903373e-004
2.610644041533082e-005	3.582585e+001	-3.894572e+000	1.501446e-002	3.317791e-004	-8.032174e-004
2.610656261021628e-005	3.582582e+001	-3.894775e+000	4.406248e-002	1.141424e-003	-8.139186e-004
2.610668537784068e-005	3.582580e+001	-3.895100e+000	6.937697e-002	1.847286e-003	-8.206363e-004
2.610682851145566e-005	3.582578e+001	-3.895601e+000	9.128149e-002	2.458575e-003	-8.217259e-004
2.610701009178135e-005	3.582576e+001	-3.896333e+000	1.050869e-001	2.844967e-003	-8.119951e-004
2.610723104820711e-005	3.582576e+001	-3.897221e+000	1.011087e-001	2.736824e-003	-7.851359e-004
2.610746124623302e-005	3.582579e+001	-3.898017e+000	7.668391e-002	2.059531e-003	-7.438592e-004
2.610760903763603e-005	3.582581e+001	-3.898383e+000	5.132299e-002	1.355103e-003	-7.119200e-004
2.610773437918930e-005	3.582584e+001	-3.898550e+000	2.526624e-002	6.309163e-004	-6.831081e-004
2.610786612912448e-005	3.582587e+001	-3.898587e+000	-3.312012e-003	-1.635636e-004	-6.535176e-004
2.610798782143173e-005	3.582589e+001	-3.898498e+000	-2.853815e-002	-8.649629e-004	-6.284276e-004
2.610812255828923e-005	3.582592e+001	-3.898270e+000	-5.252510e-002	-1.531953e-003	-6.050200e-004
2.610829574204664e-005	3.582594e+001	-3.897842e+000	-7.447035e-002	-2.142109e-003	-5.830732e-004
2.610849783782823e-005	3.582595e+001	-3.897253e+000	-8.465922e-002	-2.425073e-003	-5.699742e-004
2.610875329669121e-005	3.582594e+001	-3.896523e+000	-7.619714e-002	-2.188786e-003	-5.692708e-004
2.610892740544155e-005	3.582592e+001	-3.896123e+000	-5.777383e-002	-1.675406e-003	-5.772751e-004
2.610906383966866e-005	3.582590e+001	-3.895925e+000	-3.634647e-002	-1.078431e-003	-5.876090e-004
2.610918500485084e-005	3.582588e+001	-3.895857e+000	-1.441804e-002	-4.674635e-004	-5.978777e-004
2.610930413813900e-005	3.582586e+001	-3.895893e+000	7.886537e-003	1.540708e-004	-6.075166e-004
2.610942648607839e-005	3.582584e+001	-3.896030e+000	2.984599e-002	7.661244e-004	-6.157412e-004
2.610954920188043e-005	3.582582e+001	-3.896260e+000	4.928519e-002	1.308131e-003	-6.211930e-004
2.610968372345877e-005	3.582580e+001	-3.896600e+000	6.561049e-002	1.763651e-003	-6.226689e-004
2.610986197393910e-005	3.582579e+001	-3.897129e+000	7.758455e-002	2.098508e-003	-6.168221e-004
2.611007177464930e-005	3.582579e+001	-3.897753e+000	7.629058e-002	2.064340e-003	-5.987959e-004
2.611037324138636e-005	3.582581e+001	-3.898520e+000	5.316993e-002	1.423303e-003	-5.589175e-004
2.611053481790871e-005	3.582583e+001	-3.898800e+000	3.239332e-002	8.461965e-004	-5.328896e-004
2.611066080623782e-005	3.582585e+001	-3.898899e+000	1.252260e-002	2.939013e-004	-5.112565e-004
2.611079306059030e-005	3.582587e+001	-3.898895e+000	-8.778347e-003	-2.982923e-004	-4.894296e-004
2.611091385809117e-005	3.582589e+001	-3.898801e+000	-2.679753e-002	-7.993133e-004	-4.715770e-004
2.611106572702321e-005	3.582591e+001	-3.898578e+000	-4.536483e-002	-1.315590e-003	-4.533418e-004
2.611124369020339e-005	3.582592e+001	-3.898224e+000	-5.917726e-002	-1.699560e-003	-4.389338e-004
2.611146499155491e-005	3.582593e+001	-3.897740e+000	-6.245746e-002	-1.790349e-003	-4.319024e-004
2.611173990606950e-005	3.582591e+001	-3.897196e+000	-4.943891e-002	-1.427341e-003	-4.354085e-004
2.611188996239201e-005	3.582590e+001	-3.896981e+000	-3.485214e-002	-1.020907e-003	-4.420838e-004
2.611201746706195e-005	3.582588e+001	-3.896888e+000	-1.846338e-002	-5.642958e-004	-4.498492e-004
2.611213607230909e-005	3.582587e+001	-3.896878e+000	-1.984440e-003	-1.051248e-004	-4.572241e-004
2.611225682762435e-005	3.582585e+001	-3.896945e+000	1.467852e-002	3.592573e-004	-4.639064e-004
2.611237871410945e-005	3.582584e+001	-3.897084e+000	3.018806e-002	7.916169e-004	-4.689968e-004
2.611250166130109e-005	3.582582e+001	-3.897289e+000	4.315557e-002	1.153298e-003	-4.715365e-004
2.611266175694223e-005	3.582581e+001	-3.897623e+000	5.461519e-002	1.473307e-003	-4.702311e-004
2.611285102376493e-005	3.582581e+001	-3.898054e+000	5.910545e-002	1.599559e-003	-4.617585e-004
2.611309929565894e-005	3.582581e+001	-3.898596e+000	5.229556e-002	1.411650e-003	-4.417064e-004
2.611326282019169e-005	3.582582e+001	-3.898890e+000	4.057853e-002	1.086524e-003	-4.239418e-004
2.611339714289794e-005	3.582584e+001	-3.899058e+000	2.674245e-002	7.021501e-004	-4.071085e-004
2.611352052678241e-005	3.582585e+001	-3.899140e+000	1.226210e-002	2.996976e-004	-3.911566e-004
2.611364885536437e-005	3.582587e+001	-3.899151e+000	-3.226057e-003	-1.308702e-004	-3.750772e-004
2.611377099156833e-005	3.582588e+001	-3.899095e+000	-1.716855e-002	-5.185250e-004	-3.611265e-004
2.611391041556410e-005	3.582589e+001	-3.898957e+000	-3.063919e-002	-8.930801e-004	-3.478372e-004
2.611408615093375e-005	3.582590e+001	-3.898709e+000	-4.233205e-002	-1.218154e-003	-3.358597e-004
2.611429326236336e-005	3.582591e+001	-3.898372e+000	-4.701575e-002	-1.348144e-003	-3.290424e-004
2.611455502285344e-005	3.582590e+001	-3.897965e+000	-4.078203e-002	-1.174175e-003	-3.293619e-004
2.611471807035393e-005	3.582589e+001	-3.897766e+000	-3.047927e-002	-8.870778e-004	-3.338039e-004
2.611485173719333e-005	3.582588e+001	-3.897668e+000	-1.843161e-002	-5.514121e-004	-3.394875e-004
2.611497216248763e-005	3.582587e+001	-3.897640e+000	-6.183107e-003	-2.101284e-004	-3.450617e-004
2.611509171165315e-005	3.582586e+001	-3.897668e+000	6.254911e-003	1.364874e-004	-3.502432e-004
2.611521392211806e-005	3.582585e+001	-3.897752e+000	1.832060e-002	4.728079e-004	-3.545262e-004
2.611533671881100e-005	3.582584e+001	-3.897887e+000	2.886176e-002	7.667518e-004	-3.571759e-004
2.611547699029294e-005	3.582583e+001	-3.898091e+000	3.784370e-002	1.017427e-003	-3.574887e-004
2.611565762891420e-005	3.582582e+001	-3.898394e+000	4.371393e-002	1.181729e-003	-3.533562e-004
2.611587529890286e-005	3.582582e+001	-3.898758e+000	4.227342e-002	1.142728e-003	-3.422233e-004
2.611611521420979e-005	3.582583e+001	-3.899104e+000	3.182968e-002	8.531780e-004	-3.241441e-004
2.611626508847889e-005	3.582584e+001	-3.899259e+000	2.118763e-002	5.576075e-004	-3.105386e-004
2.611639076296364e-005	3.582586e+001	-3.899328e+000	1.033113e-002	2.558930e-004	-2.983957e-004
2.611652273484328e-005	3.582587e+001	-3.899342e+000	-1.546756e-003	-7.429758e-005	-2.859507e-004
2.611664434663708e-005	3.582587e+001	-3.899305e+000	-1.198028e-002	-3.643813e-004	-2.754342e-004
2.611678024307601e-005	3.582589e+001	-3.899209e+000	-2.195683e-002	-6.417764e-004	-2.655366e-004
2.611695370591201e-005	3.582589e+001	-3.899030e+000	-3.094895e-002	-8.917672e-004	-2.563204e-004
2.611715709270126e-005	3.582590e+001	-3.898785e+000	-3.500093e-002	-1.004263e-003	-2.507702e-004
2.611741373608461e-005	3.582589e+001	-3.898483e+000	-3.123577e-002	-8.991195e-004	-2.503517e-004
2.611758375207232e-005	3.582589e+001	-3.898323e+000	-2.365091e-002	-6.877445e-004	-2.534796e-004
2.611771962429474e-005	3.582588e+001	-3.898243e+000	-1.473889e-002	-4.394363e-004	-2.576298e-004
2.611784072154436e-005	3.582587e+001	-3.898217e+000	-5.629105e-003	-1.856060e-004	-2.617585e-004
2.611795995764163e-005	3.582586e+001	-3.898233e+000	3.632718e-003	7.249673e-005	-2.656230e-004
2.611808229680264e-005	3.582585e+001	-3.898292e+000	1.272742e-002	3.260001e-004	-2.688843e-004
2.611820505489852e-005	3.582584e+001	-3.898388e+000	2.077021e-002	5.502669e-004	-2.709918e-004
2.611833836861328e-005	3.582584e+001	-3.898529e+000	2.744896e-002	7.366411e-004	-2.714302e-004
2.611851634857815e-005	3.582583e+001	-3.898750e+000	3.236992e-002	8.742842e-004	-2.687935e-004
2.611872515114399e-005	3.582583e+001	-3.899009e+000	3.180090e-002	8.592351e-004	-2.611155e-004
2.611902714945297e-005	3.582584e+001	-3.899328e+000	2.215093e-002	5.917137e-004	-2.442188e-004
2.611918913642644e-005	3.582585e+001	-3.899445e+000	1.349512e-002	3.513010e-004	-2.332303e-004
2.611931528545734e-005	3.582586e+001	-3.899486e+000	5.234067e-003	1.217026e-004	-2.241237e-004
2.611944745493312e-005	3.582587e+001	-3.899485e+000	-3.597579e-003	-1.238154e-004	-2.149555e-004
2.611956825003382e-005	3.582587e+001	-3.899446e+000	-1.106640e-002	-3.314734e-004	-2.074468e-004
2.611972008786888e-005	3.582588e+001	-3.899354e+000	-1.875113e-002	-5.451386e-004	-1.997615e-004
2.611989810138072e-005	3.582589e+001	-3.899207e+000	-2.445516e-002	-7.036874e-004	-1.936469e-004
2.612011948854667e-005	3.582589e+001	-3.899007e+000	-2.577347e-002	-7.401489e-004	-1.905667e-004
2.612039490877476e-005	3.582589e+001	-3.898782e+000	-2.031053e-002	-5.877985e-004	-1.918218e-004
2.612054458153125e-005	3.582588e+001	-3.898695e+000	-1.425237e-002	-4.189863e-004	-1.944702e-004
2.612067192149521e-005	3.582587e+001	-3.898657e+000	-7.450025e-003	-2.294528e-004	-1.975866e-004
2.612079052537002e-005	3.582586e+001	-3.898654e+000	-6.096539e-004	-3.884123e-005	-2.005479e-004
2.612091137374729e-005	3.582586e+001	-3.898682e+000	6.306300e-003	1.539116e-004	-2.032188e-004
2.612103325659829e-005	3.582585e+001	-3.898741e+000	1.273222e-002	3.330585e-004	-2.052231e-004
2.612115624261686e-005	3.582584e+001	-3.898826e+000	1.810476e-002	4.829176e-004	-2.061705e-004
2.612131473149568e-005	3.582584e+001	-3.898964e+000	2.280298e-002	6.141303e-004	-2.055026e-004
2.612150354620660e-005	3.582584e+001	-3.899143e+000	2.466712e-002	6.665598e-004	-2.018532e-004
2.612175009023874e-005	3.582584e+001	-3.899368e+000	2.188693e-002	5.898735e-004	-1.934211e-004
2.612191392038425e-005	3.582585e+001	-3.899491e+000	1.703477e-002	4.552511e-004	-1.859249e-004
2.612204836093248e-005	3.582585e+001	-3.899562e+000	1.130166e-002	2.959947e-004	-1.788414e-004
2.612217194152017e-005	3.582586e+001	-3.899596e+000	5.288034e-003	1.288686e-004	-1.721223e-004
2.612230033528010e-005	3.582586e+001	-3.899602e+000	-1.143528e-003	-4.991730e-005	-1.653508e-004
2.612242250598154e-005	3.582587e+001	-3.899579e+000	-6.939886e-003	-2.110689e-004	-1.594640e-004
2.612256052708259e-005	3.582587e+001	-3.899524e+000	-1.249426e-002	-3.655000e-004	-1.538899e-004
2.612273586400569e-005	3.582588e+001	-3.899422e+000	-1.738240e-002	-5.013841e-004	-1.487724e-004
2.612294155837360e-005	3.582588e+001	-3.899284e+000	-1.939212e-002	-5.571530e-004	-1.457654e-004
2.612320227344596e-005	3.582588e+001	-3.899115e+000	-1.692044e-002	-4.881489e-004	-1.456551e-004
2.612336646374281e-005	3.582587e+001	-3.899032e+000	-1.267091e-002	-3.697193e-004	-1.473722e-004
2.612350067793392e-005	3.582587e+001	-3.898991e+000	-7.680478e-003	-2.306693e-004	-1.496419e-004
2.612362132756370e-005	3.582587e+001	-3.898978e+000	-2.598817e-003	-8.906993e-005	-1.518836e-004
2.612374084580420e-005	3.582586e+001	-3.898990e+000	2.562954e-003	5.478266e-005	-1.539677e-004
2.612386309775297e-005	3.582586e+001	-3.899024e+000	7.584096e-003	1.947495e-004	-1.556868e-004
2.612398591651440e-005	3.582585e+001	-3.899080e+000	1.199024e-002	3.176224e-004	-1.567419e-004
2.612412217266073e-005	3.582585e+001	-3.899162e+000	1.566977e-002	4.203176e-004	-1.568364e-004
2.612430143663025e-005	3.582584e+001	-3.899287e+000	1.821325e-002	4.914991e-004	-1.551247e-004
2.612451438726521e-005	3.582584e+001	-3.899436e+000	1.774709e-002	4.789823e-004	-1.505709e-004
2.612477387201394e-005	3.582585e+001	-3.899591e+000	1.312618e-002	3.508926e-004	-1.423620e-004
2.612492776467406e-005	3.582586e+001	-3.899657e+000	8.597635e-003	2.251268e-004	-1.364930e-004
2.612505386716983e-005	3.582586e+001	-3.899684e+000	4.057834e-003	9.896567e-005	-1.313705e-004
2.612518611418807e-005	3.582586e+001	-3.899689e+000	-8.790175e-004	-3.826696e-005	-1.261458e-004
2.612530752413149e-005	3.582587e+001	-3.899672e+000	-5.169331e-003	-1.575448e-004	-1.217665e-004
2.612544661644605e-005	3.582587e+001	-3.899630e+000	-9.333327e-003	-2.733159e-004	-1.175631e-004
2.612562092880897e-005	3.582587e+001	-3.899554e+000	-1.293637e-002	-3.734722e-004	-1.137562e-004
2.612582789894018e-005	3.582587e+001	-3.899451e+000	-1.441426e-002	-4.144770e-004	-1.114876e-004
2.612608800736912e-005	3.582587e+001	-3.899326e+000	-1.254159e-002	-3.621941e-004	-1.113848e-004
2.612625180310512e-005	3.582587e+001	-3.899264e+000	-9.362169e-003	-2.735846e-004	-1.126462e-004
2.612638576452676e-005	3.582587e+001	-3.899234e+000	-5.639490e-003	-1.698561e-004	-1.143175e-004
2.612650637302009e-005	3.582586e+001	-3.899225e+000	-1.848143e-003	-6.420875e-005	-1.159694e-004
2.612662595351024e-005	3.582586e+001	-3.899234e+000	2.002840e-003	4.311601e-005	-1.175031e-004
2.612674819440450e-005	3.582586e+001	-3.899260e+000	5.743520e-003	1.473918e-004	-1.187613e-004
2.612687103263976e-005	3.582586e+001	-3.899302e+000	9.024009e-003	2.388764e-004	-1.195233e-004
2.612700701708475e-005	3.582585e+001	-3.899363e+000	1.175392e-002	3.150712e-004	-1.195652e-004
2.612718624520836e-005	3.582585e+001	-3.899456e+000	1.363800e-002	3.678036e-004	-1.182520e-004
2.612739904310424e-005	3.582585e+001	-3.899567e+000	1.328480e-002	3.583181e-004	-1.148217e-004
2.612765552741945e-005	3.582585e+001	-3.899682e+000	9.881493e-003	2.639845e-004	-1.087333e-004
2.612780895414932e-005	3.582586e+001	-3.899731e+000	6.519002e-003	1.706050e-004	-1.043485e-004
2.612793513028684e-005	3.582586e+001	-3.899752e+000	3.135214e-003	7.657201e-005	-1.005079e-004
2.612806741796313e-005	3.582586e+001	-3.899756e+000	-5.484316e-004	-2.582215e-005	-9.658785e-005
2.612818887381567e-005	3.582587e+001	-3.899744e+000	-3.756036e-003	-1.149969e-004	-9.329561e-005
2.612832639690035e-005	3.582587e+001	-3.899713e+000	-6.841990e-003	-2.007934e-004	-9.016236e-005
2.612850026326431e-005	3.582587e+001	-3.899657e+000	-9.556089e-003	-2.762374e-004	-8.727867e-005
2.612870561119809e-005	3.582587e+001	-3.899581e+000	-1.070610e-002	-3.081468e-004	-8.553002e-005
2.612896443644243e-005	3.582587e+001	-3.899488e+000	-9.389783e-003	-2.713872e-004	-8.536972e-005
2.612912971309664e-005	3.582587e+001	-3.899441e+000	-7.036502e-003	-2.057988e-004	-8.627422e-005
2.612926436916491e-005	3.582587e+001	-3.899418e+000	-4.266493e-003	-1.286136e-004	-8.750057e-005
2.612938523990960e-005	3.582586e+001	-3.899411e+000	-1.440239e-003	-4.985766e-005	-8.871987e-005
2.612950475836619e-005	3.582586e+001	-3.899417e+000	1.425005e-003	2.999668e-005	-8.984639e-005
2.612963984404419e-005	3.582586e+001	-3.899439e+000	4.498609e-003	1.156793e-004	-9.085904e-005
2.612976189938738e-005	3.582586e+001	-3.899471e+000	6.902624e-003	1.827247e-004	-9.138563e-005
2.612990290170610e-005	3.582586e+001	-3.899518e+000	8.960743e-003	2.401756e-004	-9.135684e-005
2.613007956332558e-005	3.582585e+001	-3.899587e+000	1.025167e-002	2.763239e-004	-9.030014e-005
2.613029889856632e-005	3.582585e+001	-3.899673e+000	9.892833e-003	2.666042e-004	-8.757369e-005
2.613053140588005e-005	3.582586e+001	-3.899751e+000	7.555421e-003	2.018143e-004	-8.340347e-005
2.613068049039410e-005	3.582586e+001	-3.899787e+000	5.115185e-003	1.340489e-004	-8.020143e-005
2.613080644391954e-005	3.582586e+001	-3.899804e+000	2.609467e-003	6.442006e-005	-7.732778e-005
2.613093841502084e-005	3.582586e+001	-3.899807e+000	-1.287521e-004	-1.169136e-005	-7.438857e-005
2.613106844879552e-005	3.582587e+001	-3.899798e+000	-2.695755e-003	-8.305471e-005	-7.173508e-005
2.613120956593325e-005	3.582587e+001	-3.899776e+000	-5.065360e-003	-1.489333e-004	-6.931285e-005
2.613138207691649e-005	3.582587e+001	-3.899734e+000	-7.078678e-003	-2.048958e-004	-6.715678e-005
2.613158668084375e-005	3.582587e+001	-3.899678e+000	-7.941787e-003	-2.288432e-004	-6.583078e-005
2.613184370347772e-005	3.582587e+001	-3.899609e+000	-6.984540e-003	-2.021066e-004	-6.567482e-005
2.613200954996419e-005	3.582587e+001	-3.899574e+000	-5.234879e-003	-1.533398e-004	-6.632882e-005
2.613214444715639e-005	3.582587e+001	-3.899556e+000	-3.172796e-003	-9.587924e-005	-6.722855e-005
2.613226546191579e-005	3.582586e+001	-3.899551e+000	-1.066271e-003	-3.717776e-005	-6.812438e-005
2.613239595532450e-005	3.582586e+001	-3.899556e+000	1.266394e-003	2.783498e-005	-6.902895e-005
2.613251896507742e-005	3.582586e+001	-3.899571e+000	3.351580e-003	8.596493e-005	-6.970332e-005
2.613264354974467e-005	3.582586e+001	-3.899595e+000	5.186509e-003	1.371401e-004	-7.009625e-005
2.613277843426059e-005	3.582586e+001	-3.899629e+000	6.666906e-003	1.784645e-004	-7.007420e-005
2.613295944371573e-005	3.582586e+001	-3.899682e+000	7.682740e-003	2.069064e-004	-6.927268e-005
2.613317206010941e-005	3.582586e+001	-3.899744e+000	7.462282e-003	2.009662e-004	-6.731104e-005
2.613341072612908e-005	3.582586e+001	-3.899804e+000	5.702718e-003	1.521994e-004	-6.411694e-005
2.613356093709197e-005	3.582586e+001	-3.899832e+000	3.884126e-003	1.016997e-004	-6.170682e-005
2.613368723066103e-005	3.582586e+001	-3.899844e+000	2.013620e-003	4.972357e-005	-5.954852e-005
2.613381963231047e-005	3.582586e+001	-3.899847e+000	-3.453661e-005	-7.205572e-006	-5.733795e-005
2.613394983373031e-005	3.582586e+001	-3.899840e+000	-1.938294e-003	-6.012928e-005	-5.535852e-005
2.613411315971583e-005	3.582587e+001	-3.899820e+000	-3.954776e-003	-1.161888e-004	-5.328187e-005
2.613427642189790e-005	3.582587e+001	-3.899790e+000	-5.307525e-003	-1.537869e-004	-5.180352e-005
2.613449529385018e-005	3.582587e+001	-3.899745e+000	-5.872633e-003	-1.694541e-004	-5.082514e-005
2.613474388214045e-005	3.582587e+001	-3.899696e+000	-5.058920e-003	-1.467360e-004	-5.077980e-005
2.613490642089564e-005	3.582587e+001	-3.899671e+000	-3.712089e-003	-1.091976e-004	-5.128846e-005
2.613503895725827e-005	3.582586e+001	-3.899660e+000	-2.170854e-003	-6.624950e-005	-5.195115e-005
2.613517019363274e-005	3.582586e+001	-3.899657e+000	-4.549542e-004	-1.843168e-005	-5.266530e-005
2.613529489356588e-005	3.582586e+001	-3.899661e+000	1.202321e-003	2.775974e-005	-5.328788e-005
2.613541603964898e-005	3.582586e+001	-3.899673e+000	2.716284e-003	6.996802e-005	-5.375316e-005
2.613553881763824e-005	3.582586e+001	-3.899692e+000	4.032384e-003	1.066768e-004	-5.400296e-005
2.613567979642303e-005	3.582586e+001	-3.899719e+000	5.133511e-003	1.374200e-004	-5.393221e-005
2.613586199650767e-005	3.582586e+001	-3.899759e+000	5.801979e-003	1.561533e-004	-5.324786e-005
2.613608274213372e-005	3.582586e+001	-3.899807e+000	5.545470e-003	1.491670e-004	-5.165202e-005
2.613628186737736e-005	3.582586e+001	-3.899844e+000	4.415914e-003	1.178584e-004	-4.962622e-005
2.613642482120382e-005	3.582586e+001	-3.899866e+000	3.167930e-003	8.320995e-005	-4.791495e-005
2.613643695556978e-005	3.582586e+001	-3.899867e+000	3.042539e-003	7.972680e-005	-4.776012e-005
2.613646122430169e-005	3.582586e+001	-3.899869e+000	2.774146e-003	7.226963e-005	-4.744382e-005
2.613650976176551e-005	3.582586e+001	-3.899873e+000	2.222326e-003	5.693569e-005	-4.681088e-005
2.613660683669316e-005	3.582586e+001	-3.899877e+000	1.093072e-003	2.555110e-005	-4.556096e-005
2.613672425684353e-005	3.582586e+001	-3.899877e+000	-2.555529e-004	-1.193612e-005	-4.412164e-005
2.613687774926983e-005	3.582586e+001	-3.899868e+000	-1.866375e-003	-5.671630e-005	-4.244631e-005
2.613705096063650e-005	3.582587e+001	-3.899850e+000	-3.313665e-003	-9.694921e-005	-4.093086e-005
2.613722928673873e-005	3.582587e+001	-3.899824e+000	-4.177669e-003	-1.209553e-004	-3.991409e-005
2.613745491437362e-005	3.582587e+001	-3.899790e+000	-4.214433e-003	-1.219301e-004	-3.944313e-005
2.613774072021550e-005	3.582587e+001	-3.899753e+000	-3.003123e-003	-8.815008e-005	-3.972830e-005
2.613789364177380e-005	3.582586e+001	-3.899740e+000	-1.839225e-003	-5.571342e-005	-4.019656e-005
2.613802997916068e-005	3.582586e+001	-3.899736e+000	-5.370999e-004	-1.942640e-005	-4.073804e-005
2.613815042225815e-005	3.582586e+001	-3.899738e+000	6.606067e-004	1.395520e-005	-4.119498e-005
2.613827018038057e-005	3.582586e+001	-3.899745e+000	1.801298e-003	4.575525e-005	-4.156085e-005
2.613839216795358e-005	3.582586e+001	-3.899758e+000	2.827551e-003	7.437612e-005	-4.178797e-005
2.613851937467003e-005	3.582586e+001	-3.899776e+000	3.650962e-003	9.735815e-005	-4.180313e-005
2.613869580964767e-005	3.582586e+001	-3.899804e+000	4.297835e-003	1.154554e-004	-4.142443e-005
2.613889840563089e-005	3.582586e+001	-3.899837e+000	4.266921e-003	1.147008e-004	-4.042905e-005
2.613919408414917e-005	3.582586e+001	-3.899878e+000	3.116985e-003	8.284031e-005	-3.824744e-005
2.613935572896376e-005	3.582586e+001	-3.899894e+000	2.035762e-003	5.281778e-005	-3.680087e-005
2.613948311140373e-005	3.582586e+001	-3.899900e+000	9.748582e-004	2.333784e-005	-3.558037e-005
2.613961667016220e-005	3.582586e+001	-3.899901e+000	-1.691050e-004	-8.458960e-006	-3.434562e-005
2.613975735128427e-005	3.582586e+001	-3.899895e+000	-1.274766e-003	-3.919505e-005	-3.318830e-005
2.613994074005627e-005	3.582586e+001	-3.899881e+000	-2.413772e-003	-7.085712e-005	-3.198691e-005
2.614013415930920e-005	3.582587e+001	-3.899860e+000	-3.096359e-003	-8.982091e-005	-3.116853e-005
2.614036086423762e-005	3.582587e+001	-3.899834e+000	-3.078608e-003	-8.928948e-005	-3.083848e-005
2.614065359053489e-005	3.582586e+001	-3.899807e+000	-2.069631e-003	-6.115426e-005	-3.109715e-005
2.614082234328620e-005	3.582586e+001	-3.899796e+000	-1.104527e-003	-3.425776e-005	-3.148551e-005
2.614082826123599e-005	3.582586e+001	-3.899796e+000	-1.061996e-003	-3.307257e-005	-3.150366e-005
2.614083615183572e-005	3.582586e+001	-3.899795e+000	-1.004085e-003	-3.145879e-005	-3.152827e-005
2.614085193303517e-005	3.582586e+001	-3.899795e+000	-8.872970e-004	-2.820429e-005	-3.157759e-005
2.614088349543407e-005	3.582586e+001	-3.899795e+000	-6.508053e-004	-2.161384e-005	-3.167582e-005
2.614094662023186e-005	3.582586e+001	-3.899795e+000	-1.743149e-004	-8.334219e-006	-3.186467e-005
2.614107286982746e-005	3.582586e+001	-3.899798e+000	7.620665e-004	1.776621e-005	-3.220085e-005
2.614120126810114e-005	3.582586e+001	-3.899806e+000	1.645846e-003	4.240714e-005	-3.245636e-005
2.614133695647689e-005	3.582586e+001	-3.899817e+000	2.434240e-003	6.439986e-005	-3.258103e-005
2.614147799580867e-005	3.582586e+001	-3.899833e+000	3.007170e-003	8.040088e-005	-3.249869e-005
2.614166790789563e-005	3.582586e+001	-3.899857e+000	3.320284e-003	8.919153e-005	-3.203218e-005
2.614189094505566e-005	3.582586e+001	-3.899884e+000	3.098577e-003	8.310827e-005	-3.106538e-005
2.614206623163323e-005	3.582586e+001	-3.899901e+000	2.500395e-003	6.652377e-005	-3.003262e-005
2.614220459742605e-005	3.582586e+001	-3.899912e+000	1.783935e-003	4.662876e-005	-2.908259e-005
2.614232994101556e-005	3.582586e+001	-3.899917e+000	1.016730e-003	2.531225e-005	-2.817934e-005
2.614245579880863e-005	3.582586e+001	-3.899919e+000	2.087873e-004	2.857125e-006	-2.728989e-005
2.614259494713601e-005	3.582586e+001	-3.899916e+000	-6.414882e-004	-2.077843e-005	-2.638950e-005
2.614276455653639e-005	3.582586e+001	-3.899908e+000	-1.506153e-003	-4.481457e-005	-2.547936e-005
2.614296119216701e-005	3.582586e+001	-3.899893e+000	-2.147214e-003	-6.262882e-005	-2.474885e-005
2.614319456847117e-005	3.582586e+001	-3.899874e+000	-2.292723e-003	-6.664899e-005	-2.436864e-005
2.614348617314779e-005	3.582586e+001	-3.899852e+000	-1.722421e-003	-5.073746e-005	-2.443484e-005
2.614363502698348e-005	3.582586e+001	-3.899844e+000	-1.129433e-003	-3.420994e-005	-2.465942e-005
2.614377999958620e-005	3.582586e+001	-3.899841e+000	-3.740710e-004	-1.315930e-005	-2.496825e-005
2.614390723922125e-005	3.582586e+001	-3.899841e+000	3.290194e-004	6.436864e-006	-2.523519e-005
2.614402942235876e-005	3.582586e+001	-3.899845e+000	9.795839e-004	2.457348e-005	-2.544152e-005
2.614417958523509e-005	3.582586e+001	-3.899854e+000	1.680856e-003	4.413194e-005	-2.558838e-005
2.614431807134714e-005	3.582586e+001	-3.899864e+000	2.166191e-003	5.767999e-005	-2.557927e-005
2.614449584570619e-005	3.582586e+001	-3.899881e+000	2.492593e-003	6.681798e-005	-2.532934e-005
2.614469937892703e-005	3.582586e+001	-3.899899e+000	2.441730e-003	6.546277e-005	-2.473669e-005
2.614495912815840e-005	3.582586e+001	-3.899920e+000	1.859038e-003	4.931749e-005	-2.364058e-005
2.614511412439729e-005	3.582586e+001	-3.899928e+000	1.279952e-003	3.323888e-005	-2.285690e-005
2.614524141478638e-005	3.582586e+001	-3.899932e+000	6.935333e-004	1.694502e-005	-2.217050e-005
2.614537406299899e-005	3.582586e+001	-3.899933e+000	6.088431e-005	-6.385524e-007	-2.147755e-005
2.614552896536458e-005	3.582586e+001	-3.899930e+000	-6.243706e-004	-1.968691e-005	-2.075159e-005
2.614570222886250e-005	3.582586e+001	-3.899922e+000	-1.231009e-003	-3.654933e-005	-2.010354e-005
2.614591122030382e-005	3.582586e+001	-3.899910e+000	-1.640882e-003	-4.793536e-005	-1.960136e-005
2.614615163492931e-005	3.582586e+001	-3.899895e+000	-1.605531e-003	-4.692784e-005	-1.941057e-005
2.614648386918139e-005	3.582586e+001	-3.899879e+000	-9.094922e-004	-2.751925e-005	-1.959255e-005
2.614664764300838e-005	3.582586e+001	-3.899875e+000	-3.470710e-004	-1.184415e-005	-1.980988e-005
2.614676933487052e-005	3.582586e+001	-3.899875e+000	1.512593e-004	2.044820e-006	-2.000111e-005
2.614690078604260e-005	3.582586e+001	-3.899878e+000	6.794943e-004	1.677065e-005	-2.017280e-005
2.614706485272699e-005	3.582586e+001	-3.899884e+000	1.260071e-003	3.296243e-005	-2.029905e-005
2.614721826604231e-005	3.582586e+001	-3.899893e+000	1.665654e-003	4.428406e-005	-2.029277e-005
2.614739670896515e-005	3.582586e+001	-3.899905e+000	1.908055e-003	5.107105e-005	-2.010068e-005
2.614759923863509e-005	3.582586e+001	-3.899919e+000	1.862902e-003	4.985960e-005	-1.965137e-005
2.614785724309093e-005	3.582586e+001	-3.899934e+000	1.423044e-003	3.767148e-005	-1.882887e-005
2.614801201963659e-005	3.582586e+001	-3.899940e+000	9.876404e-004	2.558221e-005	-1.824021e-005
2.614814736624382e-005	3.582586e+001	-3.899944e+000	5.221663e-004	1.264954e-005	-1.768889e-005
2.614821993781553e-005	3.582586e+001	-3.899944e+000	2.573181e-004	5.288554e-006	-1.739796e-005
2.614831669991116e-005	3.582586e+001	-3.899943e+000	-8.131812e-005	-4.124371e-006	-1.703641e-005
2.614849066603515e-005	3.582586e+001	-3.899939e+000	-6.176671e-004	-1.903356e-005	-1.646860e-005
2.614867167608098e-005	3.582586e+001	-3.899933e+000	-1.017499e-003	-3.014580e-005	-1.602596e-005
2.614890676549358e-005	3.582586e+001	-3.899922e+000	-1.222528e-003	-3.583445e-005	-1.571122e-005
2.614915988541189e-005	3.582586e+001	-3.899910e+000	-1.077045e-003	-3.176650e-005	-1.564582e-005
2.614934395634261e-005	3.582586e+001	-3.899904e+000	-7.391929e-004	-2.234787e-005	-1.575396e-005
2.614949345775334e-005	3.582586e+001	-3.899901e+000	-3.404027e-004	-1.123375e-005	-1.591224e-005
2.614962817280981e-005	3.582586e+001	-3.899900e+000	6.643586e-005	1.052647e-007	-1.606827e-005
2.614978080756307e-005	3.582586e+001	-3.899902e+000	5.231985e-004	1.283861e-005	-1.621688e-005
2.614995969546431e-005	3.582586e+001	-3.899908e+000	9.910364e-004	2.588668e-005	-1.631417e-005
2.615013114110814e-005	3.582586e+001	-3.899915e+000	1.312221e-003	3.485414e-005	-1.629293e-005
2.615032582154697e-005	3.582586e+001	-3.899925e+000	1.471722e-003	3.932665e-005	-1.610578e-005
2.615054197720017e-005	3.582586e+001	-3.899936e+000	1.396117e-003	3.725864e-005	-1.571679e-005
2.615074254383966e-005	3.582586e+001	-3.899945e+000	1.116345e-003	2.950344e-005	-1.522045e-005
2.615088622435037e-005	3.582586e+001	-3.899949e+000	8.063835e-004	2.089674e-005	-1.480527e-005
2.615103160663250e-005	3.582586e+001	-3.899951e+000	4.335735e-004	1.053834e-005	-1.436646e-005
2.615119406698702e-005	3.582586e+001	-3.899951e+000	1.021919e-005	-1.227904e-006	-1.390015e-005
2.615138360077221e-005	3.582586e+001	-3.899949e+000	-4.557723e-004	-1.418097e-005	-1.340359e-005
2.615140584406592e-005	3.582586e+001	-3.899948e+000	-5.045536e-004	-1.553698e-005	-1.335202e-005
2.615145033065335e-005	3.582586e+001	-3.899947e+000	-5.890041e-004	-1.788442e-005	-1.326194e-005
2.615153930382821e-005	3.582586e+001	-3.899944e+000	-7.233691e-004	-2.161856e-005	-1.311159e-005
2.615171725017792e-005	3.582586e+001	-3.899938e+000	-8.497200e-004	-2.512498e-005	-1.292430e-005
2.615203332011348e-005	3.582586e+001	-3.899927e+000	-7.652171e-004	-2.275512e-005	-1.282199e-005
2.615221540762406e-005	3.582586e+001	-3.899922e+000	-5.409398e-004	-1.650147e-005	-1.288221e-005
2.615237515789375e-005	3.582586e+001	-3.899920e+000	-2.276789e-004	-7.770697e-006	-1.300361e-005
2.615253059690023e-005	3.582586e+001	-3.899920e+000	1.196939e-004	1.911337e-006	-1.313323e-005
2.615270291850348e-005	3.582586e+001	-3.899922e+000	4.962518e-004	1.240967e-005	-1.324763e-005
2.615290018418172e-005	3.582586e+001	-3.899926e+000	8.557261e-004	2.243767e-005	-1.330216e-005
2.615309183869040e-005	3.582586e+001	-3.899933e+000	1.075035e-003	2.856562e-005	-1.324314e-005
2.615331308628206e-005	3.582586e+001	-3.899941e+000	1.122117e-003	2.990423e-005	-1.301860e-005
2.615357882200200e-005	3.582586e+001	-3.899951e+000	9.411097e-004	2.489891e-005	-1.258607e-005
2.615372931896247e-005	3.582586e+001	-3.899955e+000	7.298531e-004	1.903581e-005	-1.227679e-005
2.615389699214146e-005	3.582586e+001	-3.899957e+000	4.193850e-004	1.041079e-005	-1.190000e-005
2.615407694446794e-005	3.582586e+001	-3.899957e+000	7.260582e-005	7.734536e-007	-1.151197e-005
2.615429009068745e-005	3.582586e+001	-3.899955e+000	-2.927644e-004	-9.382016e-006	-1.111665e-005
2.615448393249221e-005	3.582586e+001	-3.899951e+000	-5.223873e-004	-1.576305e-005	-1.085593e-005
2.615471088748646e-005	3.582586e+001	-3.899945e+000	-6.129456e-004	-1.827356e-005	-1.069766e-005
2.615497007048106e-005	3.582586e+001	-3.899939e+000	-5.075030e-004	-1.532751e-005	-1.067148e-005
2.615514583010083e-005	3.582586e+001	-3.899935e+000	-3.154518e-004	-9.973505e-006	-1.073290e-005
2.615531837126358e-005	3.582586e+001	-3.899934e+000	-5.005767e-005	-2.576612e-006	-1.083395e-005
2.615549989532261e-005	3.582586e+001	-3.899935e+000	2.524098e-004	5.854747e-006	-1.093824e-005
2.615569896341095e-005	3.582586e+001	-3.899937e+000	5.540272e-004	1.426598e-005	-1.100948e-005
2.615591447352882e-005	3.582586e+001	-3.899942e+000	7.882506e-004	2.080479e-005	-1.100045e-005
2.615613776810183e-005	3.582586e+001	-3.899948e+000	8.799963e-004	2.337972e-005	-1.087138e-005
2.615640656209673e-005	3.582586e+001	-3.899956e+000	7.926945e-004	2.097506e-005	-1.057574e-005
2.615661283632813e-005	3.582586e+001	-3.899960e+000	5.985741e-004	1.558987e-005	-1.027030e-005
2.615678496771514e-005	3.582586e+001	-3.899962e+000	3.713452e-004	9.278718e-006	-9.981408e-006
2.615680786030975e-005	3.582586e+001	-3.899963e+000	3.375830e-004	8.340616e-006	-9.941949e-006
2.615685364549897e-005	3.582586e+001	-3.899963e+000	2.677181e-004	6.399006e-006	-9.863732e-006
2.615694521587742e-005	3.582586e+001	-3.899963e+000	1.318782e-004	2.623527e-006	-9.714990e-006
2.615712835663431e-005	3.582586e+001	-3.899961e+000	-1.087754e-004	-4.065448e-006	-9.454659e-006
2.615736364571906e-005	3.582586e+001	-3.899958e+000	-3.633232e-004	-1.114032e-005	-9.176559e-006
2.615739364037191e-005	3.582586e+001	-3.899958e+000	-3.869425e-004	-1.179662e-005	-9.149210e-006
2.615745362967760e-005	3.582586e+001	-3.899956e+000	-4.163671e-004	-1.261363e-005	-9.109638e-006
2.615757360828899e-005	3.582586e+001	-3.899954e+000	-4.384308e-004	-1.322393e-005	-9.058554e-006
2.615777703245134e-005	3.582586e+001	-3.899950e+000	-3.846243e-004	-1.171972e-005	-9.037213e-006
2.615801882500283e-005	3.582586e+001	-3.899946e+000	-2.064701e-004	-6.752287e-006	-9.086390e-006
2.615822298541117e-005	3.582586e+001	-3.899945e+000	1.725637e-005	-5.162610e-007	-9.167275e-006
2.615842225899337e-005	3.582586e+001	-3.899945e+000	2.606089e-004	6.267729e-006	-9.246828e-006
2.615864065931256e-005	3.582586e+001	-3.899948e+000	4.943083e-004	1.278608e-005	-9.291357e-006
2.615887992993387e-005	3.582586e+001	-3.899952e+000	6.564835e-004	1.731662e-005	-9.256687e-006
2.615913349064313e-005	3.582586e+001	-3.899958e+000	6.792999e-004	1.796978e-005	-9.107051e-006
2.615945979697734e-005	3.582586e+001	-3.899964e+000	5.244535e-004	1.368205e-005	-8.790415e-006
2.615963614612544e-005	3.582586e+001	-3.899966e+000	3.690607e-004	9.367479e-006	-8.580251e-006
2.615983710926313e-005	3.582586e+001	-3.899966e+000	1.549492e-004	3.417921e-006	-8.333206e-006
2.616006368622850e-005	3.582586e+001	-3.899965e+000	-6.283900e-005	-2.634991e-006	-8.092846e-006
2.616031719198172e-005	3.582586e+001	-3.899962e+000	-2.246584e-004	-7.131225e-006	-7.903633e-006
2.616057670250401e-005	3.582586e+001	-3.899959e+000	-2.571124e-004	-8.027753e-006	-7.817718e-006
2.616090810906855e-005	3.582586e+001	-3.899955e+000	-1.302114e-004	-4.486837e-006	-7.829160e-006
2.616109898802915e-005	3.582586e+001	-3.899953e+000	1.302868e-005	-4.939085e-007	-7.877884e-006
2.616130832007531e-005	3.582586e+001	-3.899954e+000	2.042226e-004	4.835895e-006	-7.941769e-006
2.616154461254041e-005	3.582586e+001	-3.899956e+000	3.957446e-004	1.017761e-005	-7.980335e-006
2.616181166157207e-005	3.582586e+001	-3.899959e+000	5.303825e-004	1.393896e-005	-7.950623e-006
2.616208711513573e-005	3.582586e+001	-3.899963e+000	5.387155e-004	1.418558e-005	-7.821867e-006
2.616245216243511e-005	3.582586e+001	-3.899968e+000	3.872688e-004	9.988524e-006	-7.544007e-006
2.616264379421364e-005	3.582586e+001	-3.899969e+000	2.528117e-004	6.254294e-006	-7.370901e-006
2.616286371872844e-005	3.582586e+001	-3.899969e+000	8.111070e-005	1.482686e-006	-7.177545e-006
2.616312372975053e-005	3.582586e+001	-3.899967e+000	-7.833014e-005	-2.948296e-006	-6.998807e-006
2.616340275742255e-005	3.582586e+001	-3.899965e+000	-1.832225e-004	-5.861932e-006	-6.868342e-006
2.616344262074892e-005	3.582586e+001	-3.899964e+000	-1.879022e-004	-5.991446e-006	-6.858152e-006
2.616352234740166e-005	3.582586e+001	-3.899963e+000	-1.789873e-004	-5.741892e-006	-6.851593e-006
2.616368180070713e-005	3.582586e+001	-3.899961e+000	-1.289518e-004	-4.346125e-006	-6.859522e-006
2.616398595767215e-005	3.582586e+001	-3.899960e+000	3.194380e-005	1.392450e-007	-6.911669e-006
2.616427889263827e-005	3.582586e+001	-3.899960e+000	2.189004e-004	5.351468e-006	-6.969156e-006
2.616455398940108e-005	3.582586e+001	-3.899962e+000	3.704751e-004	9.580162e-006	-6.989202e-006
2.616485077759600e-005	3.582586e+001	-3.899965e+000	4.481070e-004	1.175273e-005	-6.937359e-006
2.616516352988312e-005	3.582586e+001	-3.899968e+000	4.109107e-004	1.072970e-005	-6.797502e-006
2.616551706947231e-005	3.582586e+001	-3.899971e+000	2.589353e-004	6.511960e-006	-6.574094e-006
2.616577401357827e-005	3.582586e+001	-3.899971e+000	1.156651e-004	2.531345e-006	-6.404520e-006
2.616603643508455e-005	3.582586e+001	-3.899970e+000	-7.413712e-006	-8.889940e-007	-6.265500e-006
2.616635308773626e-005	3.582586e+001	-3.899968e+000	-7.168883e-005	-2.672932e-006	-6.172169e-006
2.616668637014099e-005	3.582586e+001	-3.899965e+000	-2.952948e-005	-1.494419e-006	-6.156303e-006
2.616700599414446e-005	3.582586e+001	-3.899964e+000	9.505577e-005	1.978960e-006	-6.194369e-006
2.616725917225453e-005	3.582586e+001	-3.899964e+000	2.182838e-004	5.414608e-006	-6.231029e-006
2.616753655125205e-005	3.582586e+001	-3.899966e+000	3.265215e-004	8.434896e-006	-6.239576e-006
2.616786684229362e-005	3.582586e+001	-3.899969e+000	3.733332e-004	9.747719e-006	-6.182810e-006
2.616822917626906e-005	3.582586e+001	-3.899971e+000	3.203091e-004	8.282387e-006	-6.047595e-006
2.616851498779159e-005	3.582586e+001	-3.899973e+000	2.169157e-004	5.411743e-006	-5.906543e-006
2.616877150962191e-005	3.582586e+001	-3.899973e+000	1.012600e-004	2.197913e-006	-5.773838e-006
2.616882162441498e-005	3.582586e+001	-3.899973e+000	7.908404e-005	1.581539e-006	-5.749789e-006
2.616883415311325e-005	3.582586e+001	-3.899973e+000	7.382945e-005	1.435479e-006	-5.744192e-006
2.616885921050978e-005	3.582586e+001	-3.899973e+000	6.366799e-005	1.153023e-006	-5.733356e-006
2.616890932530285e-005	3.582586e+001	-3.899973e+000	4.487876e-005	6.307612e-007	-5.713167e-006
2.616900955488899e-005	3.582586e+001	-3.899972e+000	1.463398e-005	-2.097742e-007	-5.679353e-006
2.616921001406126e-005	3.582586e+001	-3.899971e+000	-1.330141e-005	-9.850148e-007	-5.637889e-006
2.616961093240580e-005	3.582586e+001	-3.899969e+000	1.565038e-005	-1.746560e-007	-5.617375e-006
2.616991526575839e-005	3.582586e+001	-3.899968e+000	9.665752e-005	2.084090e-006	-5.639325e-006
2.617019568444856e-005	3.582586e+001	-3.899968e+000	1.977531e-004	4.902692e-006	-5.669255e-006
2.617050409953130e-005	3.582586e+001	-3.899969e+000	2.849042e-004	7.334781e-006	-5.674238e-006
2.617087210901819e-005	3.582586e+001	-3.899971e+000	3.143421e-004	8.162359e-006	-5.620196e-006
2.617127687767249e-005	3.582586e+001	-3.899974e+000	2.674350e-004	6.865662e-006	-5.504324e-006
2.617131427833065e-005	3.582586e+001	-3.899974e+000	2.577356e-004	6.596448e-006	-5.490333e-006
2.617138907964696e-005	3.582586e+001	-3.899974e+000	2.323151e-004	5.890261e-006	-5.459386e-006
2.617153868227958e-005	3.582586e+001	-3.899974e+000	1.807939e-004	4.458620e-006	-5.400039e-006
2.617183788754483e-005	3.582586e+001	-3.899974e+000	9.304772e-005	2.020133e-006	-5.301251e-006
2.617221596799492e-005	3.582586e+001	-3.899972e+000	3.666107e-005	4.544059e-007	-5.226084e-006
2.617262308517518e-005	3.582586e+001	-3.899971e+000	6.123360e-005	1.142058e-006	-5.209885e-006
2.617310304116496e-005	3.582586e+001	-3.899970e+000	1.662866e-004	4.071073e-006	-5.240270e-006
2.617317558244045e-005	3.582586e+001	-3.899970e+000	1.864861e-004	4.634240e-006	-5.246317e-006
2.617332066499143e-005	3.582586e+001	-3.899971e+000	2.237875e-004	5.674703e-006	-5.252972e-006
2.617361083009338e-005	3.582586e+001	-3.899972e+000	2.668499e-004	6.878087e-006	-5.240178e-006
2.617404235578178e-005	3.582586e+001	-3.899974e+000	2.572751e-004	6.618592e-006	-5.168853e-006
2.617460378668206e-005	3.582586e+001	-3.899975e+000	1.638131e-004	4.024932e-006	-5.029902e-006
2.617499083303978e-005	3.582586e+001	-3.899975e+000	9.259908e-005	2.046612e-006	-4.942971e-006
2.617539548272184e-005	3.582586e+001	-3.899973e+000	6.604163e-005	1.310259e-006	-4.897593e-006
2.617583749995310e-005	3.582586e+001	-3.899972e+000	1.069797e-004	2.452773e-006	-4.899277e-006
2.617620049081816e-005	3.582586e+001	-3.899972e+000	1.736404e-004	4.311407e-006	-4.918130e-006
2.617655762378592e-005	3.582586e+001	-3.899973e+000	2.274852e-004	5.814150e-006	-4.920111e-006
2.617703402053216e-005	3.582586e+001	-3.899975e+000	2.375305e-004	6.099588e-006	-4.873761e-006
2.617751493476789e-005	3.582586e+001	-3.899976e+000	1.847077e-004	4.634622e-006	-4.786792e-006
2.617787836827176e-005	3.582586e+001	-3.899976e+000	1.271060e-004	3.034335e-006	-4.717561e-006
2.617827915376535e-005	3.582586e+001	-3.899975e+000	9.068747e-005	2.022940e-006	-4.670261e-006
2.617876037818904e-005	3.582586e+001	-3.899974e+000	1.084105e-004	2.518729e-006	-4.660263e-006
2.617935183629118e-005	3.582586e+001	-3.899974e+000	1.787007e-004	4.479068e-006	-4.675479e-006
2.617981351549199e-005	3.582586e+001	-3.899975e+000	2.174051e-004	5.560264e-006	-4.667679e-006
2.618036168701023e-005	3.582586e+001	-3.899976e+000	2.024402e-004	5.148519e-006	-4.612880e-006
2.618094124363159e-005	3.582586e+001	-3.899976e+000	1.423952e-004	3.481239e-006	-4.532558e-006
2.618139601692132e-005	3.582586e+001	-3.899976e+000	1.099060e-004	2.579040e-006	-4.489684e-006
2.618198290583011e-005	3.582586e+001	-3.899975e+000	1.262852e-004	3.037213e-006	-4.480662e-006
2.618260016007245e-005	3.582586e+001	-3.899975e+000	1.803616e-004	4.545478e-006	-4.491290e-006
2.618310248535590e-005	3.582586e+001	-3.899976e+000	2.047085e-004	5.226359e-006	-4.479445e-006
2.618370705822056e-005	3.582586e+001	-3.899977e+000	1.805335e-004	4.557212e-006	-4.427589e-006
2.618433879286481e-005	3.582586e+001	-3.899977e+000	1.232761e-004	2.966542e-006	-4.358283e-006
2.618442746446330e-005	3.582586e+001	-3.899977e+000	1.162915e-004	2.772415e-006	-4.350612e-006
2.618460480766029e-005	3.582586e+001	-3.899976e+000	1.074615e-004	2.527044e-006	-4.340533e-006
2.618464914345954e-005	3.582586e+001	-3.899976e+000	1.063258e-004	2.495525e-006	-4.338861e-006
2.618473781505803e-005	3.582586e+001	-3.899976e+000	1.067277e-004	2.506888e-006	-4.337533e-006
2.618491515825502e-005	3.582586e+001	-3.899976e+000	1.136787e-004	2.700754e-006	-4.338959e-006
2.618526984464899e-005	3.582586e+001	-3.899976e+000	1.389658e-004	3.405512e-006	-4.348845e-006
2.618533341538618e-005	3.582586e+001	-3.899976e+000	1.449830e-004	3.573196e-006	-4.351349e-006
2.618546055686055e-005	3.582586e+001	-3.899976e+000	1.582866e-004	3.943985e-006	-4.356431e-006
2.618571483980929e-005	3.582586e+001	-3.899976e+000	1.789504e-004	4.520311e-006	-4.360649e-006
2.618622340570677e-005	3.582586e+001	-3.899976e+000	1.919635e-004	4.885064e-006	-4.346658e-006
2.618689023492238e-005	3.582586e+001	-3.899977e+000	1.678349e-004	4.216474e-006	-4.301590e-006
2.618743209652093e-005	3.582586e+001	-3.899977e+000	1.388528e-004	3.411497e-006	-4.264890e-006
2.618804348931367e-005	3.582586e+001	-3.899977e+000	1.331342e-004	3.253653e-006	-4.248569e-006
2.618872062399089e-005	3.582586e+001	-3.899976e+000	1.614172e-004	4.042544e-006	-4.253767e-006
2.618928657952348e-005	3.582586e+001	-3.899977e+000	1.802143e-004	4.567602e-006	-4.250299e-006
2.619010159902754e-005	3.582586e+001	-3.899977e+000	1.677434e-004	4.223181e-006	-4.216516e-006
2.619088666090188e-005	3.582586e+001	-3.899977e+000	1.425869e-004	3.524788e-006	-4.181658e-006
2.619164162688032e-005	3.582586e+001	-3.899977e+000	1.444260e-004	3.577220e-006	-4.171565e-006
2.619244987170199e-005	3.582586e+001	-3.899977e+000	1.698385e-004	4.286193e-006	-4.174880e-006
2.619313770742437e-005	3.582586e+001	-3.899977e+000	1.827080e-004	4.646247e-006	-4.167258e-006
2.619324544860014e-005	3.582586e+001	-3.899978e+000	1.805397e-004	4.586196e-006	-4.162928e-006
2.619346093095169e-005	3.582586e+001	-3.899978e+000	1.701495e-004	4.297503e-006	-4.150729e-006
2.619389189565479e-005	3.582586e+001	-3.899978e+000	1.521078e-004	3.796046e-006	-4.131106e-006
2.619462925763035e-005	3.582586e+001	-3.899977e+000	1.432268e-004	3.549681e-006	-4.117058e-006
2.619539568711314e-005	3.582586e+001	-3.899977e+000	1.582186e-004	3.967928e-006	-4.119029e-006
2.619614691870886e-005	3.582586e+001	-3.899977e+000	1.698871e-004	4.293996e-006	-4.115659e-006
2.619714512483362e-005	3.582586e+001	-3.899978e+000	1.594302e-004	4.004532e-006	-4.093470e-006
2.619824974546995e-005	3.582586e+001	-3.899978e+000	1.492343e-004	3.721881e-006	-4.075587e-006
2.619929346172923e-005	3.582586e+001	-3.899978e+000	1.597737e-004	4.016236e-006	-4.074018e-006
2.620035390865931e-005	3.582586e+001	-3.899978e+000	1.650239e-004	4.163623e-006	-4.066322e-006
2.620152551656419e-005	3.582586e+001	-3.899978e+000	1.527083e-004	3.821938e-006	-4.047235e-006
2.620255860975351e-005	3.582586e+001	-3.899978e+000	1.483540e-004	3.701248e-006	-4.039408e-006
2.620271022564812e-005	3.582586e+001	-3.899978e+000	1.512356e-004	3.781527e-006	-4.040842e-006
2.620301345743736e-005	3.582586e+001	-3.899978e+000	1.598522e-004	4.021599e-006	-4.044872e-006
2.620361992101582e-005	3.582586e+001	-3.899978e+000	1.710796e-004	4.334741e-006	-4.047133e-006
2.620376572820690e-005	3.582586e+001	-3.899978e+000	1.712268e-004	4.339010e-006	-4.045671e-006
2.620405734258906e-005	3.582586e+001	-3.899978e+000	1.664486e-004	4.206317e-006	-4.039412e-006
2.620464057135338e-005	3.582586e+001	-3.899978e+000	1.563029e-004	3.924309e-006	-4.028532e-006
2.620561991208491e-005	3.582586e+001	-3.899978e+000	1.522492e-004	3.811857e-006	-4.022111e-006
2.620663822365251e-005	3.582586e+001	-3.899978e+000	1.630739e-004	4.113592e-006	-4.025916e-006
2.620689280154441e-005	3.582586e+001	-3.899978e+000	1.663389e-004	4.204649e-006	-4.026638e-006
2.620695644601738e-005	3.582586e+001	-3.899978e+000	1.668177e-004	4.218032e-006	-4.026463e-006
2.620708373496333e-005	3.582586e+001	-3.899978e+000	1.670587e-004	4.224854e-006	-4.025590e-006
2.620733831285523e-005	3.582586e+001	-3.899978e+000	1.653825e-004	4.178406e-006	-4.022470e-006
2.620784746863903e-005	3.582586e+001	-3.899978e+000	1.583380e-004	3.982673e-006	-4.014205e-006
2.620797475758498e-005	3.582586e+001	-3.899978e+000	1.562155e-004	3.923656e-006	-4.012124e-006
2.620822933547688e-005	3.582586e+001	-3.899978e+000	1.528863e-004	3.831053e-006	-4.009125e-006
2.620873849126067e-005	3.582586e+001	-3.899978e+000	1.519336e-004	3.804641e-006	-4.007478e-006
2.620975680282827e-005	3.582586e+001	-3.899978e+000	1.576303e-004	3.963530e-006	-4.008587e-006
2.621106322990853e-005	3.582586e+001	-3.899978e+000	1.595691e-004	4.018039e-006	-4.005010e-006
2.621251540960974e-005	3.582586e+001	-3.899978e+000	1.562663e-004	3.926566e-006	-3.998404e-006
2.621439752817090e-005	3.582586e+001	-3.899978e+000	1.574996e-004	3.961337e-006	-3.995220e-006
2.621636809234579e-005	3.582586e+001	-3.899978e+000	1.585826e-004	3.991941e-006	-3.991775e-006
2.621912199214737e-005	3.582586e+001	-3.899978e+000	1.567886e-004	3.942484e-006	-3.986099e-006
2.622268356121500e-005	3.582586e+001	-3.899978e+000	1.577497e-004	3.969692e-006	-3.982600e-006
2.622628366025394e-005	3.582586e+001	-3.899978e+000	1.572623e-004	3.956475e-006	-3.979049e-006
2.623038769693733e-005	3.582586e+001	-3.899978e+000	1.572851e-004	3.957361e-006	-3.976763e-006
2.623515309751659e-005	3.582586e+001	-3.899978e+000	1.576058e-004	3.966494e-006	-3.975084e-006
2.624130293364758e-005	3.582586e+001	-3.899978e+000	1.569906e-004	3.949516e-006	-3.973299e-006
2.625159847974685e-005	3.582586e+001	-3.899978e+000	1.575889e-004	3.966282e-006	-3.972702e-006
2.627218957194541e-005	3.582586e+001	-3.899978e+000	1.573399e-004	3.959427e-006	-3.971818e-006
2.629227397126353e-005	3.582586e+001	-3.899978e+000	1.574169e-004	3.961584e-006	-3.971743e-006
2.632263220333333e-005	3.582586e+001	-3.899978e+000	1.573207e-004	3.958909e-006	-3.971662e-006
2.635731109834702e-005	3.582586e+001	-3.899978e+000	1.573621e-004	3.960062e-006	-3.971697e-006
2.667208180661206e-005	3.582585e+001	-3.899978e+000	1.573519e-004	3.959777e-006	-3.971687e-006
2.698685251487709e-005	3.582584e+001	-3.899978e+000	1.573439e-004	3.959558e-006	-3.971679e-006
2.730162322314213e-005	3.582583e+001	-3.899978e+000	1.573384e-004	3.959403e-006	-3.971674e-006
2.761639393140716e-005	3.582582e+001	-3.899978e+000	1.573351e-004	3.959315e-006	-3.971670e-006
2.793116463967220e-005	3.582581e+001	-3.899978e+000	1.573343e-004	3.959292e-006	-3.971668e-006
2.824593534793724e-005	3.582580e+001	-3.899978e+000	1.573358e-004	3.959335e-006	-3.971668e-006
2.856070605620227e-005	3.582579e+001	-3.899978e+000	1.573396e-004	3.959443e-006	-3.971670e-006
2.990836230620229e-005	3.582575e+001	-3.899978e+000	1.573369e-004	3.959371e-006	-3.971663e-006
2.996695605620230e-005	3.582575e+001	-3.899978e+000	1.574527e-004	3.962596e-006	-3.971739e-006
2.999000000000000e-005	3.582575e+001	-3.899978e+000	1.551747e-004	3.899285e-006	-3.969233e-006
2.999004808788581e-005	3.582576e+001	-3.885778e+000	-1.200874e-002	-2.930875e-004	3.882500e-004
2.999014426365742e-005	3.582579e+001	-3.857325e+000	-5.056038e-002	-1.233908e-003	1.647425e-003
2.999021018738691e-005	3.582583e+001	-3.837738e+000	-9.189025e-002	-2.240988e-003	3.023917e-003
2.999027703379641e-005	3.582588e+001	-3.817702e+000	-1.515239e-001	-3.687583e-003	5.084984e-003
2.999039588490383e-005	3.582599e+001	-3.781607e+000	-2.845540e-001	-6.892113e-003	9.952711e-003
2.999051881640685e-005	3.582613e+001	-3.743499e+000	-4.455263e-001	-1.071613e-002	1.645760e-002
2.999068398046552e-005	3.582631e+001	-3.690846e+000	-6.789560e-001	-1.612173e-002	2.746630e-002
2.999086317787426e-005	3.582649e+001	-3.631787e+000	-9.188679e-001	-2.138975e-002	4.200364e-002
2.999107967509280e-005	3.582664e+001	-3.557890e+000	-1.147305e+000	-2.578578e-002	6.281441e-002
2.999130940894489e-005	3.582669e+001	-3.476959e+000	-1.274379e+000	-2.699459e-002	8.836804e-002
2.999159773410964e-005	3.582658e+001	-3.373029e+000	-1.271174e+000	-2.377321e-002	1.243576e-001
2.999179196535839e-005	3.582641e+001	-3.302086e+000	-1.177734e+000	-1.897654e-002	1.507752e-001
2.999194879864241e-005	3.582623e+001	-3.244389e+000	-1.056191e+000	-1.376727e-002	1.735185e-001
2.999209134217853e-005	3.582605e+001	-3.191736e+000	-9.334171e-001	-8.672721e-003	1.951001e-001
2.999222114297645e-005	3.582590e+001	-3.143568e+000	-8.273385e-001	-4.190977e-003	2.154217e-001
2.999234267928192e-005	3.582577e+001	-3.098168e+000	-7.449276e-001	-4.712724e-004	2.349918e-001
2.999246584249215e-005	3.582566e+001	-3.051722e+000	-6.872253e-001	2.565488e-003	2.553101e-001
2.999258749604920e-005	3.582559e+001	-3.005167e+000	-6.655623e-001	4.561204e-003	2.758482e-001
2.999275320761917e-005	3.582555e+001	-2.940288e+000	-6.977842e-001	5.512314e-003	3.044824e-001
2.999295541118176e-005	3.582560e+001	-2.858656e+000	-8.174709e-001	4.326841e-003	3.401887e-001
2.999312832036725e-005	3.582570e+001	-2.786222e+000	-9.835776e-001	1.423169e-003	3.713141e-001
2.999327688001153e-005	3.582583e+001	-2.721434e+000	-1.167585e+000	-2.321143e-003	3.984768e-001
2.999343194302565e-005	3.582599e+001	-2.651089e+000	-1.381383e+000	-6.948827e-003	4.271583e-001
2.999358881370270e-005	3.582616e+001	-2.576982e+000	-1.597337e+000	-1.175408e-002	4.564385e-001
2.999378402916534e-005	3.582634e+001	-2.480840e+000	-1.835626e+000	-1.708877e-002	4.931385e-001
2.999399420368112e-005	3.582648e+001	-2.372909e+000	-2.021143e+000	-2.112214e-002	5.328528e-001
2.999424956198060e-005	3.582654e+001	-2.236328e+000	-2.117324e+000	-2.281762e-002	5.812421e-001
2.999455384771105e-005	3.582648e+001	-2.068232e+000	-2.072072e+000	-2.095134e-002	6.389319e-001
2.999473311622431e-005	3.582638e+001	-1.966732e+000	-1.969413e+000	-1.803266e-002	6.728768e-001
2.999490976080487e-005	3.582624e+001	-1.864849e+000	-1.824242e+000	-1.415698e-002	7.062504e-001
2.999508063277807e-005	3.582611e+001	-1.764925e+000	-1.673276e+000	-1.032677e-002	7.384495e-001
2.999524476023659e-005	3.582600e+001	-1.667605e+000	-1.537779e+000	-7.115363e-003	7.692851e-001
2.999540243200075e-005	3.582592e+001	-1.572657e+000	-1.432911e+000	-4.931222e-003	7.988049e-001
2.999557689212648e-005	3.582589e+001	-1.465752e+000	-1.355714e+000	-3.829021e-003	8.313385e-001
2.999573766677076e-005	3.582590e+001	-1.365011e+000	-1.329111e+000	-4.287738e-003	8.611647e-001
2.999596508435480e-005	3.582600e+001	-1.218711e+000	-1.352355e+000	-7.027189e-003	9.030837e-001
2.999616512188741e-005	3.582613e+001	-1.086065e+000	-1.412075e+000	-1.092907e-002	9.396574e-001
2.999638579581540e-005	3.582632e+001	-9.346459e-001	-1.495712e+000	-1.619332e-002	9.795849e-001
2.999662887653777e-005	3.582651e+001	-7.620730e-001	-1.561219e+000	-2.181627e-002	1.023023e+000
2.999688091364830e-005	3.582666e+001	-5.770252e-001	-1.552362e+000	-2.613859e-002	1.067378e+000
2.999716795607755e-005	3.582672e+001	-3.595340e-001	-1.407122e+000	-2.806671e-002	1.116958e+000
2.999751503704660e-005	3.582668e+001	-8.990034e-002	-1.061371e+000	-2.667478e-002	1.175776e+000
2.999773127672250e-005	3.582659e+001	8.134905e-002	-7.649284e-001	-2.410228e-002	1.211743e+000
2.999794359601303e-005	3.582648e+001	2.521079e-001	-4.338982e-001	-2.088223e-002	1.246445e+000
2.999816884811909e-005	3.582638e+001	4.357591e-001	-8.548445e-002	-1.798742e-002	1.282680e+000
2.999843946996020e-005	3.582631e+001	6.598551e-001	2.951068e-001	-1.617624e-002	1.325506e+000
2.999868994774483e-005	3.582634e+001	8.716267e-001	5.865692e-001	-1.682218e-002	1.364399e+000
2.999903457928235e-005	3.582647e+001	1.169959e+000	9.122238e-001	-2.080687e-002	1.416854e+000
2.999927368874012e-005	3.582661e+001	1.382276e+000	1.114845e+000	-2.492279e-002	1.452491e+000
2.999953779469911e-005	3.582678e+001	1.623222e+000	1.357050e+000	-2.967178e-002	1.490920e+000
2.999986846373578e-005	3.582694e+001	1.931256e+000	1.735165e+000	-3.447672e-002	1.538046e+000
3.000000000000000e-005	3.582698e+001	2.055571e+000	1.916773e+000	-3.580280e-002	1.556492e+000
3.000003274970647e-005	3.582698e+001	2.077280e+000	1.960082e+000	-3.578801e-002	1.560820e+000
3.000009824911942e-005	3.582697e+001	2.120832e+000	2.060825e+000	-3.536033e-002	1.569044e+000
3.000022924794530e-005	3.582689e+001	2.208305e+000	2.315540e+000	-3.298445e-002	1.583690e+000
3.000043893704463e-005	3.582667e+001	2.348590e+000	2.816424e+000	-2.649403e-002	1.603352e+000
3.000062746339986e-005	3.582641e+001	2.474446e+000	3.325710e+000	-1.888224e-002	1.617410e+000
3.000077940359475e-005	3.582618e+001	2.575339e+000	3.748486e+000	-1.225786e-002	1.626054e+000
3.000091004464771e-005	3.582599e+001	2.661573e+000	4.093239e+000	-6.966834e-003	1.631679e+000
3.000102336785624e-005	3.582586e+001	2.736024e+000	4.361263e+000	-3.154635e-003	1.635322e+000
3.000112844211674e-005	3.582577e+001	2.804845e+000	4.573441e+000	-5.623997e-004	1.637734e+000
3.000123360362697e-005	3.582571e+001	2.873635e+000	4.745446e+000	9.685440e-004	1.639299e+000
3.000133499309260e-005	3.582570e+001	2.939999e+000	4.868597e+000	1.309176e-003	1.640033e+000
3.000145195550574e-005	3.582574e+001	3.016847e+000	4.950758e+000	9.854823e-005	1.639867e+000
3.000165073396334e-005	3.582592e+001	3.148471e+000	4.980646e+000	-4.899975e-003	1.637681e+000
3.000185402488783e-005	3.582619e+001	3.284724e+000	4.909418e+000	-1.272105e-002	1.633368e+000
3.000226516101971e-005	3.582686e+001	3.566925e+000	4.619086e+000	-3.216586e-002	1.618057e+000
3.000248880980562e-005	3.582714e+001	3.723412e+000	4.525360e+000	-4.064705e-002	1.606491e+000
3.000274499861605e-005	3.582731e+001	3.903407e+000	4.573425e+000	-4.566640e-002	1.590798e+000
3.000303719064622e-005	3.582728e+001	4.106982e+000	4.851747e+000	-4.458053e-002	1.570240e+000
3.000336034279854e-005	3.582702e+001	4.327870e+000	5.366047e+000	-3.686255e-002	1.545038e+000
3.000356169267004e-005	3.582678e+001	4.461954e+000	5.754590e+000	-2.969792e-002	1.528158e+000
3.000373858232339e-005	3.582655e+001	4.576571e+000	6.097825e+000	-2.301662e-002	1.512580e+000
3.000392351920815e-005	3.582635e+001	4.693563e+000	6.403451e+000	-1.722210e-002	1.495763e+000
3.000414017472560e-005	3.582620e+001	4.827825e+000	6.660137e+000	-1.294075e-002	1.475562e+000
3.000433587173124e-005	3.582617e+001	4.947132e+000	6.773473e+000	-1.211788e-002	1.456927e+000
3.000457521771956e-005	3.582624e+001	5.093979e+000	6.797341e+000	-1.413145e-002	1.433775e+000
3.000464978560580e-005	3.582626e+001	5.145859e+000	6.821132e+000	-1.449329e-002	1.426462e+000
3.000469829232761e-005	3.582622e+001	5.188346e+000	6.896301e+000	-1.338720e-002	1.421631e+000
3.000472598271796e-005	3.582615e+001	5.218704e+000	6.998085e+000	-1.134234e-002	1.418827e+000
3.000475108127052e-005	3.582602e+001	5.251576e+000	7.156692e+000	-7.837323e-003	1.416236e+000
3.000477765957679e-005	3.582582e+001	5.291921e+000	7.408970e+000	-1.976185e-003	1.413432e+000
3.000480645993028e-005	3.582549e+001	5.342294e+000	7.800124e+000	7.420477e-003	1.410308e+000
3.000483633450437e-005	3.582497e+001	5.402792e+000	8.376468e+000	2.163360e-002	1.406947e+000
3.000487474633391e-005	3.582397e+001	5.493657e+000	9.437153e+000	4.837113e-002	1.402400e+000
3.000492334437029e-005	3.582195e+001	5.629331e+000	1.139283e+001	9.862836e-002	1.396218e+000
3.000498501932743e-005	3.581734e+001	5.834087e+000	1.508056e+001	1.950327e-001	1.387537e+000
3.000506176826135e-005	3.579991e+001	6.131941e+000	2.194571e+001	3.774655e-001	1.375173e+000
3.000515977281284e-005	3.488826e+001	6.006593e+000	3.121553e+001	6.608831e-001	1.358252e+000
3.000519217005641e-005	3.417893e+001	5.726810e+000	3.227314e+001	7.174103e-001	1.353776e+000
3.000524596997838e-005	3.327237e+001	5.465150e+000	3.175499e+001	7.328798e-001	1.348608e+000
3.000539766235704e-005	3.168324e+001	5.521330e+000	3.059319e+001	7.328801e-001	1.335397e+000
3.000551432370217e-005	3.023271e+001	5.558860e+000	2.952494e+001	7.328807e-001	1.325446e+000
3.000571786397456e-005	2.742972e+001	5.619428e+000	2.745681e+001	7.328821e-001	1.308685e+000
3.000606433864115e-005	2.245592e+001	5.697499e+000	2.376280e+001	7.328861e-001	1.282173e+000
3.000663127212197e-005	1.470501e+001	5.792399e+000	1.797767e+001	7.328954e-001	1.243082e+000
3.000698808749365e-005	1.044204e+001	5.884999e+000	1.483930e+001	7.329029e-001	1.221121e+000
3.000707729133657e-005	9.502645e+000	5.883548e+000	1.412030e+001	7.329051e-001	1.216233e+000
3.000725569902241e-005	7.808444e+000	5.850060e+000	1.278498e+001	7.329099e-001	1.207183e+000
3.000736679129903e-005	6.910487e+000	5.852494e+000	1.209904e+001	7.329130e-001	1.201924e+000
3.000758897585227e-005	5.290206e+000	5.860815e+000	1.086435e+001	7.329193e-001	1.192165e+000
3.000772394963408e-005	4.261961e+000	5.892439e+000	1.011514e+001	7.329234e-001	1.186512e+000
3.000775506871687e-005	4.054547e+000	5.895790e+000	9.959475e+000	7.329243e-001	1.185219e+000
3.000778946466754e-005	3.876615e+000	5.889007e+000	9.812780e+000	7.329254e-001	1.183818e+000
3.000785324828869e-005	3.599022e+000	5.867682e+000	9.569853e+000	7.329274e-001	1.181392e+000
3.000790625251186e-005	3.387016e+000	5.852729e+000	9.386126e+000	7.329291e-001	1.179567e+000
3.000801226095818e-005	3.000786e+000	5.832458e+000	9.060139e+000	7.329324e-001	1.176308e+000
3.000822427785084e-005	2.312072e+000	5.810439e+000	8.496435e+000	7.329394e-001	1.170622e+000
3.000842021764389e-005	1.749672e+000	5.803926e+000	8.050425e+000	7.329459e-001	1.166109e+000
3.000873898715557e-005	9.304047e-001	5.809325e+000	7.419072e+000	7.329566e-001	1.159709e+000
3.000895916209233e-005	4.285110e-001	5.822395e+000	7.042632e+000	7.329641e-001	1.155632e+000
3.000906818214799e-005	2.417544e-001	5.837639e+000	6.911900e+000	7.329679e-001	1.153669e+000
3.000914022580742e-005	1.665481e-001	5.854898e+000	6.868822e+000	7.329704e-001	1.152325e+000
3.000920059163514e-005	1.284847e-001	5.873329e+000	6.855114e+000	7.329725e-001	1.151125e+000
3.000926998597232e-005	9.814565e-002	5.896648e+000	6.850999e+000	7.329749e-001	1.149647e+000
3.000934483102757e-005	7.466377e-002	5.923225e+000	6.854164e+000	7.329775e-001	1.147928e+000
3.000943346332567e-005	5.498866e-002	5.955949e+000	6.864179e+000	7.329806e-001	1.145724e+000
3.000953139586506e-005	3.963563e-002	5.993055e+000	6.879617e+000	7.329841e-001	1.143084e+000
3.000963032615230e-005	2.882568e-002	6.031212e+000	6.897855e+000	7.329875e-001	1.140190e+000
3.000974973201969e-005	1.971486e-002	6.077786e+000	6.921331e+000	7.329917e-001	1.136414e+000
3.000986382105358e-005	1.358360e-002	6.122581e+000	6.943955e+000	7.329957e-001	1.132529e+000
3.000999506578075e-005	8.607141e-003	6.174285e+000	6.969242e+000	7.330003e-001	1.127731e+000
3.001013360957553e-005	4.795247e-003	6.228906e+000	6.994396e+000	7.330051e-001	1.122329e+000
3.001027528733200e-005	1.900165e-003	6.284698e+000	7.018036e+000	7.330101e-001	1.116465e+000
3.001042040843414e-005	-3.790028e-004	6.341699e+000	7.039794e+000	7.330151e-001	1.110124e+000
3.001057427614304e-005	-2.301647e-003	6.401903e+000	7.060012e+000	7.330205e-001	1.103063e+000
3.001074021546777e-005	-3.991033e-003	6.466511e+000	7.078516e+000	7.330263e-001	1.095095e+000
3.001092333838444e-005	-5.538400e-003	6.537366e+000	7.095005e+000	7.330328e-001	1.085921e+000
3.001112933265589e-005	-6.988789e-003	6.616460e+000	7.108773e+000	7.330400e-001	1.075182e+000
3.001136698627058e-005	-8.382059e-003	6.706830e+000	7.118622e+000	7.330483e-001	1.062315e+000
3.001164965030450e-005	-9.733931e-003	6.812998e+000	7.122399e+000	7.330582e-001	1.046461e+000
3.001199548863500e-005	-1.104077e-002	6.940803e+000	7.116120e+000	7.330703e-001	1.026425e+000
3.001243620494993e-005	-1.227176e-002	7.100140e+000	7.092418e+000	7.330857e-001	1.000179e+000
3.001300983800921e-005	-1.333195e-002	7.301324e+000	7.038553e+000	7.331058e-001	9.653492e-001
3.001377525406249e-005	-1.407474e-002	7.558773e+000	6.933093e+000	7.331326e-001	9.185899e-001
3.001474021456388e-005	-1.429732e-002	7.865556e+000	6.757124e+000	7.331664e-001	8.604105e-001
3.001592795474054e-005	-1.391182e-002	8.216795e+000	6.492332e+000	7.332079e-001	7.913709e-001
3.001728291225456e-005	-1.299055e-002	8.582457e+000	6.148465e+000	7.332554e-001	7.175090e-001
3.001897934670143e-005	-1.153480e-002	8.991689e+000	5.685505e+000	7.333148e-001	6.332474e-001
3.002095066915231e-005	-9.770903e-003	9.407298e+000	5.135154e+000	7.333838e-001	5.466309e-001
3.002326536493382e-005	-7.830655e-003	9.821315e+000	4.509396e+000	7.334648e-001	4.597286e-001
3.002617127443916e-005	-5.723948e-003	1.024706e+001	3.787638e+000	7.335666e-001	3.700415e-001
3.002976895873289e-005	-3.609245e-003	1.066181e+001	3.009672e+000	7.336925e-001	2.825337e-001
3.003390110467667e-005	-1.771561e-003	1.101619e+001	2.286997e+000	7.338371e-001	2.077213e-001
3.003941755854278e-005	-1.120912e-005	1.135219e+001	1.552739e+000	7.340302e-001	1.367796e-001
3.004442905234777e-005	1.093711e-003	1.156178e+001	1.070567e+000	7.342056e-001	9.252588e-002
3.004965591943056e-005	1.866823e-003	1.170779e+001	7.236977e-001	7.343885e-001	6.169625e-002
3.005446670827746e-005	2.350286e-003	1.179884e+001	5.028430e-001	7.345569e-001	4.247168e-002
3.005959381698127e-005	2.699732e-003	1.186450e+001	3.414123e-001	7.347363e-001	2.860877e-002
3.006449723192356e-005	2.927957e-003	1.190729e+001	2.352179e-001	7.349079e-001	1.957340e-002
3.006961280081422e-005	3.089566e-003	1.193752e+001	1.597230e-001	7.350870e-001	1.318966e-002
3.007454594598558e-005	3.195817e-003	1.195734e+001	1.100221e-001	7.352596e-001	9.004708e-003
3.007962745119948e-005	3.270232e-003	1.197117e+001	7.524891e-002	7.354375e-001	6.084939e-003
3.008458210793934e-005	3.319804e-003	1.198033e+001	5.216484e-002	7.356108e-001	4.150365e-003
3.008964807012015e-005	3.354424e-003	1.198668e+001	3.614830e-002	7.357881e-001	2.809798e-003
3.009462109513010e-005	3.377765e-003	1.199092e+001	2.546102e-002	7.359622e-001	1.916043e-003
3.009967991416474e-005	3.394123e-003	1.199383e+001	1.808869e-002	7.361392e-001	1.299846e-003
3.010466702272905e-005	3.405327e-003	1.199579e+001	1.315457e-002	7.363137e-001	8.875770e-004
3.010973077153525e-005	3.413301e-003	1.199713e+001	9.759681e-003	7.364909e-001	6.039625e-004
3.011473188588152e-005	3.418899e-003	1.199803e+001	7.486580e-003	7.366660e-001	4.140674e-004
3.011982106899337e-005	3.423023e-003	1.199865e+001	5.921345e-003	7.368441e-001	2.832911e-004
3.012484036698878e-005	3.426035e-003	1.199906e+001	4.877243e-003	7.370197e-001	1.960310e-004
3.012999507062071e-005	3.428400e-003	1.199935e+001	4.155870e-003	7.372001e-001	1.357118e-004
3.013525574355905e-005	3.430266e-003	1.199954e+001	3.666077e-003	7.373842e-001	9.472470e-005
3.014117526156992e-005	3.432016e-003	1.199968e+001	3.311115e-003	7.375914e-001	6.497586e-005
3.014821618521423e-005	3.433660e-003	1.199979e+001	3.053491e-003	7.378377e-001	4.333466e-005
3.015680295930370e-005	3.435465e-003	1.199986e+001	2.878743e-003	7.381383e-001	2.857491e-005
3.016751559447971e-005	3.437391e-003	1.199990e+001	2.773316e-003	7.385132e-001	1.956330e-005
3.018200199232613e-005	3.439900e-003	1.199992e+001	2.718037e-003	7.390201e-001	1.465690e-005
3.020225336253539e-005	3.443204e-003	1.199993e+001	2.698346e-003	7.397288e-001	1.260917e-005
3.023616832858728e-005	3.448746e-003	1.199993e+001	2.699366e-003	7.409157e-001	1.201136e-005
3.029476207858728e-005	3.458241e-003	1.199994e+001	2.712755e-003	7.429662e-001	1.194998e-005
3.996273082858690e-005	5.026418e-003	1.199993e+001	5.578466e-003	1.081295e+000	1.195202e-005
3.999000000000000e-005	5.438172e-003	1.200019e+001	6.028887e-003	1.082250e+000	1.195209e-005
3.999005653834157e-005	2.759900e-003	1.198185e+001	-3.184226e-003	1.082252e+000	-5.150401e-004
3.999016961502471e-005	-2.069748e-003	1.194552e+001	-2.910224e-002	1.082255e+000	-2.248730e-003
3.999026028550317e-005	-5.670162e-003	1.191658e+001	-5.977319e-002	1.082259e+000	-4.501008e-003
3.999034927728869e-005	-8.988834e-003	1.188828e+001	-1.030698e-001	1.082262e+000	-7.851557e-003
3.999052726085972e-005	-1.505851e-002	1.183173e+001	-2.235987e-001	1.082268e+000	-1.752079e-002
3.999084592340635e-005	-2.458241e-002	1.172992e+001	-5.159871e-001	1.082279e+000	-4.172084e-002
3.999124918908948e-005	-3.446045e-002	1.159832e+001	-1.001889e+000	1.082293e+000	-8.316657e-002
3.999181040282153e-005	-4.482151e-002	1.140663e+001	-1.838315e+000	1.082313e+000	-1.569091e-001
3.999250495727061e-005	-5.345592e-002	1.114967e+001	-3.027715e+000	1.082337e+000	-2.663629e-001
3.999343949738525e-005	-5.986111e-002	1.076095e+001	-4.723082e+000	1.082370e+000	-4.328883e-001
3.999462102308585e-005	-6.262509e-002	1.019151e+001	-6.762251e+000	1.082412e+000	-6.568668e-001
3.999605320588884e-005	-6.142644e-002	9.382220e+000	-8.793274e+000	1.082462e+000	-9.301404e-001
3.999756001221994e-005	-5.738156e-002	8.387812e+000	-1.017565e+001	1.082515e+000	-1.205742e+000
3.999922272575768e-005	-5.151663e-002	7.148390e+000	-1.071226e+001	1.082573e+000	-1.490754e+000
4.000000000000000e-005	-4.855168e-002	6.522268e+000	-1.059494e+001	1.082600e+000	-1.616366e+000
4.000011237363730e-005	-4.350560e-002	6.461571e+000	-1.058858e+001	1.082604e+000	-1.631412e+000
4.000033712091189e-005	-3.415642e-002	6.337889e+000	-1.053984e+001	1.082612e+000	-1.657154e+000
4.000078661546107e-005	-1.858416e-002	6.082214e+000	-1.030294e+001	1.082628e+000	-1.690638e+000
4.000168560455943e-005	4.628580e-003	5.554965e+000	-9.508554e+000	1.082659e+000	-1.712624e+000
4.000271168311970e-005	2.230709e-002	4.946320e+000	-8.328002e+000	1.082695e+000	-1.688559e+000
4.000388814959183e-005	3.511091e-002	4.256667e+000	-6.853712e+000	1.082736e+000	-1.619043e+000
4.000471093973556e-005	4.175228e-002	3.788413e+000	-5.844324e+000	1.082765e+000	-1.554617e+000
4.000528287529171e-005	4.658006e-002	3.474023e+000	-5.176630e+000	1.082785e+000	-1.504615e+000
4.000570329490892e-005	5.167437e-002	3.249772e+000	-4.709874e+000	1.082800e+000	-1.466511e+000
4.000601274460111e-005	5.781119e-002	3.088767e+000	-4.379400e+000	1.082810e+000	-1.438114e+000
4.000624897975948e-005	6.580118e-002	2.968496e+000	-4.133195e+000	1.082819e+000	-1.416355e+000
4.000643365252629e-005	7.652058e-002	2.876418e+000	-3.942254e+000	1.082825e+000	-1.399349e+000
4.000657790086259e-005	9.111311e-002	2.806187e+000	-3.790979e+000	1.082830e+000	-1.386094e+000
4.000670176381244e-005	1.126065e-001	2.747787e+000	-3.655609e+000	1.082834e+000	-1.374758e+000
4.000685239966702e-005	1.488804e-001	2.678974e+000	-3.485000e+000	1.082840e+000	-1.361049e+000
4.000697532555494e-005	1.803119e-001	2.623703e+000	-3.346583e+000	1.082844e+000	-1.349936e+000
4.000711196804542e-005	2.127400e-001	2.562563e+000	-3.197522e+000	1.082849e+000	-1.337679e+000
4.000751372258958e-005	3.042653e-001	2.385851e+000	-2.777336e+000	1.082863e+000	-1.302183e+000
4.000793997218692e-005	4.050272e-001	2.205900e+000	-2.353256e+000	1.082878e+000	-1.265629e+000
4.000879247138159e-005	6.195317e-001	1.867684e+000	-1.562971e+000	1.082907e+000	-1.196062e+000
4.001049746977096e-005	1.082088e+000	1.241575e+000	-1.513094e-001	1.082965e+000	-1.065722e+000
4.001140689853324e-005	1.357079e+000	9.275062e-001	5.413714e-001	1.082996e+000	-1.000899e+000
4.001197578481859e-005	1.554428e+000	7.327904e-001	9.781602e-001	1.083015e+000	-9.624973e-001
4.001218058509078e-005	1.652990e+000	6.478625e-001	1.175495e+000	1.083022e+000	-9.488580e-001
4.001229661269265e-005	1.718541e+000	5.933362e-001	1.302895e+000	1.083026e+000	-9.410006e-001
4.001242536837095e-005	1.799703e+000	5.264197e-001	1.458444e+000	1.083030e+000	-9.321246e-001
4.001249256416701e-005	1.834379e+000	4.925362e-001	1.529909e+000	1.083032e+000	-9.274088e-001
4.001255156168931e-005	1.853352e+000	4.675677e-001	1.575573e+000	1.083034e+000	-9.232256e-001
4.001269157647666e-005	1.894826e+000	4.202138e-001	1.668376e+000	1.083039e+000	-9.133298e-001
4.001315590509766e-005	2.073334e+000	2.766891e-001	2.001609e+000	1.083054e+000	-8.815819e-001
4.001360965933060e-005	2.263426e+000	1.386776e-001	2.333287e+000	1.083069e+000	-8.520488e-001
4.001451716779648e-005	2.670223e+000	-1.293833e-001	2.995074e+000	1.083098e+000	-7.957765e-001
4.001553772788835e-005	3.171948e+000	-4.136100e-001	3.740336e+000	1.083131e+000	-7.366866e-001
4.001714813646476e-005	4.063695e+000	-8.205732e-001	4.936750e+000	1.083181e+000	-6.520217e-001
4.001929385799157e-005	5.445407e+000	-1.287986e+000	6.611998e+000	1.083246e+000	-5.537984e-001
4.002239333601048e-005	7.834029e+000	-1.835957e+000	9.289149e+000	1.083333e+000	-4.369861e-001
4.002576881781110e-005	1.107975e+001	-2.283588e+000	1.278078e+001	1.083418e+000	-3.401578e-001
4.003061995876295e-005	1.702208e+001	-2.728059e+000	1.910577e+001	1.083517e+000	-2.426839e-001
4.003537445467388e-005	2.450035e+001	-3.009308e+000	2.709061e+001	1.083585e+000	-1.802423e-001
4.004042899224021e-005	3.364346e+001	-3.303865e+000	2.852850e+001	8.349683e-001	-1.323562e-001
4.004181463096917e-005	3.581573e+001	-3.505122e+000	1.643653e+001	4.475848e-001	-1.158176e-001
4.004182476051692e-005	3.582247e+001	-3.509162e+000	1.618372e+001	4.404500e-001	-1.156166e-001
4.004184501961242e-005	3.582319e+001	-3.520563e+000	1.547995e+001	4.208091e-001	-1.151035e-001
4.004188553780342e-005	3.582469e+001	-3.541140e+000	1.398245e+001	3.790312e-001	-1.140233e-001
4.004196657418543e-005	3.582773e+001	-3.574051e+000	1.073035e+001	2.883533e-001	-1.117240e-001
4.004208855771608e-005	3.583205e+001	-3.604844e+000	5.467064e+000	1.416980e-001	-1.081140e-001
4.004222684042725e-005	3.583643e+001	-3.613125e+000	-6.873623e-001	-2.967240e-002	-1.040624e-001
4.004235247678647e-005	3.583974e+001	-3.594353e+000	-6.066254e+000	-1.793613e-001	-1.007159e-001
4.004248683893315e-005	3.584246e+001	-3.546992e+000	-1.103412e+001	-3.175380e-001	-9.789127e-002
4.004266006531126e-005	3.584475e+001	-3.456970e+000	-1.563148e+001	-4.453215e-001	-9.573708e-002
4.004286003246573e-005	3.584579e+001	-3.333996e+000	-1.781170e+001	-5.057862e-001	-9.556448e-002
4.004311322649390e-005	3.584505e+001	-3.180389e+000	-1.615772e+001	-4.594913e-001	-9.834094e-002
4.004329589959673e-005	3.584307e+001	-3.090398e+000	-1.217059e+001	-3.483495e-001	-1.020358e-001
4.004343344321955e-005	3.584066e+001	-3.046959e+000	-7.672839e+000	-2.230571e-001	-1.055728e-001
4.004355508283555e-005	3.583796e+001	-3.031416e+000	-3.062517e+000	-9.466332e-002	-1.088676e-001
4.004367451164999e-005	3.583490e+001	-3.037902e+000	1.625081e+000	3.585891e-002	-1.119458e-001
4.004379716223550e-005	3.583149e+001	-3.065765e+000	6.243320e+000	1.644275e-001	-1.146978e-001
4.004391933427780e-005	3.582811e+001	-3.113200e+000	1.029069e+001	2.770763e-001	-1.167850e-001
4.004406112487890e-005	3.582473e+001	-3.188068e+000	1.386295e+001	3.764540e-001	-1.181231e-001
4.004424020340085e-005	3.582224e+001	-3.299264e+000	1.627846e+001	4.435525e-001	-1.180300e-001
4.004445638957788e-005	3.582270e+001	-3.432919e+000	1.578982e+001	4.297250e-001	-1.153283e-001
4.004476295453680e-005	3.582782e+001	-3.591956e+000	1.053137e+001	2.830816e-001	-1.083453e-001
4.004492587315491e-005	3.583172e+001	-3.647716e+000	5.981356e+000	1.563826e-001	-1.035990e-001
4.004505194322382e-005	3.583485e+001	-3.665126e+000	1.731974e+000	3.814177e-002	-9.963340e-002
4.004518388271629e-005	3.583779e+001	-3.660749e+000	-2.757803e+000	-8.672488e-002	-9.567024e-002
4.004530483117237e-005	3.584002e+001	-3.637471e+000	-6.508715e+000	-1.909918e-001	-9.249125e-002
4.004546649656954e-005	3.584220e+001	-3.583019e+000	-1.050828e+001	-3.020996e-001	-8.920959e-002
4.004564737460613e-005	3.584356e+001	-3.503266e+000	-1.313423e+001	-3.749419e-001	-8.706754e-002
4.004587910998597e-005	3.584361e+001	-3.395090e+000	-1.324248e+001	-3.776678e-001	-8.674178e-002
4.004616687114276e-005	3.584171e+001	-3.279345e+000	-9.525919e+000	-2.739144e-001	-8.893269e-002
4.004631857065107e-005	3.583976e+001	-3.239068e+000	-6.019860e+000	-1.761894e-001	-9.099037e-002
4.004644191533626e-005	3.583759e+001	-3.226283e+000	-2.447327e+000	-7.665943e-002	-9.297452e-002
4.004656081360070e-005	3.583524e+001	-3.231039e+000	1.148563e+000	2.350244e-002	-9.481387e-002
4.004668315644097e-005	3.583270e+001	-3.252274e+000	4.710483e+000	1.227055e-001	-9.642899e-002
4.004680550133478e-005	3.583022e+001	-3.288591e+000	7.866674e+000	2.105977e-001	-9.758397e-002
4.004694079190850e-005	3.582791e+001	-3.343359e+000	1.055659e+001	2.854911e-001	-9.811602e-002
4.004711819545542e-005	3.582610e+001	-3.428392e+000	1.253617e+001	3.405839e-001	-9.753300e-002
4.004732722009450e-005	3.582621e+001	-3.529764e+000	1.239387e+001	3.365832e-001	-9.501100e-002
4.004762206056321e-005	3.582940e+001	-3.653245e+000	8.810662e+000	2.368138e-001	-8.917241e-002
4.004778305827188e-005	3.583212e+001	-3.700232e+000	5.472030e+000	1.439161e-001	-8.518672e-002
4.004791029072345e-005	3.583451e+001	-3.717968e+000	2.204302e+000	5.302817e-002	-8.178221e-002
4.004804430877705e-005	3.583689e+001	-3.718830e+000	-1.340907e+000	-4.554340e-002	-7.831124e-002
4.004816572191659e-005	3.583874e+001	-3.704461e+000	-4.340812e+000	-1.289231e-001	-7.548478e-002
4.004831575028162e-005	3.584051e+001	-3.669313e+000	-7.412600e+000	-2.142592e-001	-7.264573e-002
4.004849261182903e-005	3.584180e+001	-3.611980e+000	-9.768711e+000	-2.796455e-001	-7.040122e-002
4.004871029109392e-005	3.584217e+001	-3.533018e+000	-1.045356e+001	-2.984926e-001	-6.936378e-002
4.004897824737725e-005	3.584115e+001	-3.443024e+000	-8.535832e+000	-2.448868e-001	-7.005224e-002
4.004913326238351e-005	3.583978e+001	-3.404253e+000	-6.117532e+000	-1.774617e-001	-7.128038e-002
4.004926311167406e-005	3.583815e+001	-3.386468e+000	-3.382959e+000	-1.012634e-001	-7.268165e-002
4.004938262931970e-005	3.583641e+001	-3.383222e+000	-6.241473e-001	-2.440421e-002	-7.401583e-002
4.004950317140578e-005	3.583452e+001	-3.392748e+000	2.166137e+000	5.332498e-002	-7.523741e-002
4.004962527650414e-005	3.583261e+001	-3.414498e+000	4.797171e+000	1.266153e-001	-7.620899e-002
4.004974795482528e-005	3.583089e+001	-3.447511e+000	7.018856e+000	1.885025e-001	-7.676342e-002
4.004990493272894e-005	3.582926e+001	-3.501347e+000	9.001863e+000	2.437454e-001	-7.672707e-002
4.005009157726746e-005	3.582851e+001	-3.572507e+000	9.900926e+000	2.688091e-001	-7.554797e-002
4.005033175585829e-005	3.582931e+001	-3.661767e+000	8.991719e+000	2.435449e-001	-7.255291e-002
4.005050521100842e-005	3.583092e+001	-3.715956e+000	7.010612e+000	1.884466e-001	-6.953733e-002
4.005064280343749e-005	3.583271e+001	-3.746486e+000	4.675494e+000	1.235048e-001	-6.672484e-002
4.005076741318722e-005	3.583448e+001	-3.761758e+000	2.218254e+000	5.517762e-002	-6.406379e-002
4.005089762729203e-005	3.583628e+001	-3.765001e+000	-4.495554e-001	-1.899025e-002	-6.135044e-002
4.005102005448507e-005	3.583781e+001	-3.756411e+000	-2.843563e+000	-8.553082e-002	-5.901225e-002
4.005115731608803e-005	3.583919e+001	-3.734290e+000	-5.141808e+000	-1.493886e-001	-5.681331e-002
4.005133170727046e-005	3.584037e+001	-3.693062e+000	-7.200402e+000	-2.065488e-001	-5.480121e-002
4.005153530855029e-005	3.584089e+001	-3.636477e+000	-8.112728e+000	-2.317976e-001	-5.365159e-002
4.005179115332236e-005	3.584040e+001	-3.566969e+000	-7.220784e+000	-2.068157e-001	-5.370783e-002
4.005196336421664e-005	3.583936e+001	-3.529508e+000	-5.431660e+000	-1.569263e-001	-5.453414e-002
4.005209962015650e-005	3.583812e+001	-3.510956e+000	-3.357173e+000	-9.911957e-002	-5.556479e-002
4.005222100305576e-005	3.583679e+001	-3.504778e+000	-1.238963e+000	-4.010576e-002	-5.657934e-002
4.005234050876134e-005	3.583537e+001	-3.508636e+000	9.117083e-001	1.980905e-002	-5.752767e-002
4.005246301815542e-005	3.583390e+001	-3.522248e+000	3.018678e+000	7.850713e-002	-5.833260e-002
4.005258566590434e-005	3.583254e+001	-3.544806e+000	4.867952e+000	1.300300e-001	-5.885971e-002
4.005272537883243e-005	3.583131e+001	-3.579286e+000	6.460728e+000	1.744161e-001	-5.899819e-002
4.005290483128143e-005	3.583046e+001	-3.631034e+000	7.541170e+000	2.045499e-001	-5.839977e-002
4.005311968707940e-005	3.583065e+001	-3.693116e+000	7.326401e+000	1.986402e-001	-5.659054e-002
4.005339546313704e-005	3.583230e+001	-3.761261e+000	5.208729e+000	1.397946e-001	-5.305892e-002
4.005355251111746e-005	3.583375e+001	-3.788136e+000	3.227950e+000	8.473040e-002	-5.061638e-002
4.005367871561016e-005	3.583510e+001	-3.798447e+000	1.289805e+000	3.084908e-002	-4.852653e-002
4.005381122957621e-005	3.583649e+001	-3.798856e+000	-8.009641e-001	-2.726999e-002	-4.640780e-002
4.005393250888225e-005	3.583763e+001	-3.790251e+000	-2.587114e+000	-7.691350e-002	-4.466288e-002
4.005408246306181e-005	3.583874e+001	-3.769281e+000	-4.416418e+000	-1.277423e-001	-4.290068e-002
4.005425956870276e-005	3.583957e+001	-3.735027e+000	-5.821118e+000	-1.667449e-001	-4.148516e-002
4.005447723116215e-005	3.583980e+001	-3.687924e+000	-6.226278e+000	-1.779220e-001	-4.078457e-002
4.005474540880660e-005	3.583914e+001	-3.634191e+000	-5.077849e+000	-1.458528e-001	-4.110622e-002
4.005490032753643e-005	3.583827e+001	-3.611075e+000	-3.635015e+000	-1.056393e-001	-4.179211e-002
4.005503012483754e-005	3.583725e+001	-3.600468e+000	-2.004196e+000	-6.020408e-002	-4.259252e-002
4.005514958752425e-005	3.583619e+001	-3.598527e+000	-3.597736e-001	-1.439323e-002	-4.335795e-002
4.005527012197962e-005	3.583508e+001	-3.604195e+000	1.303487e+000	3.194335e-002	-4.405839e-002
4.005539220246537e-005	3.583398e+001	-3.617141e+000	2.871054e+000	7.561783e-002	-4.461132e-002
4.005551493904219e-005	3.583302e+001	-3.636815e+000	4.194176e+000	1.124890e-001	-4.491706e-002
4.005567306224232e-005	3.583213e+001	-3.669120e+000	5.380065e+000	1.455524e-001	-4.486464e-002
4.005586020814179e-005	3.583173e+001	-3.711606e+000	5.906975e+000	1.602825e-001	-4.412484e-002
4.005610178249984e-005	3.583217e+001	-3.765015e+000	5.344581e+000	1.447127e-001	-4.228717e-002
4.005627430108189e-005	3.583305e+001	-3.796996e+000	4.158144e+000	1.117534e-001	-4.047357e-002
4.005641149447872e-005	3.583405e+001	-3.814980e+000	2.762565e+000	7.296412e-002	-3.878514e-002
4.005653585048005e-005	3.583507e+001	-3.823910e+000	1.296832e+000	3.222036e-002	-3.719043e-002
4.005666582987324e-005	3.583614e+001	-3.825674e+000	-2.923402e-001	-1.195459e-002	-3.556655e-002
4.005678817152971e-005	3.583706e+001	-3.820396e+000	-1.717731e+000	-5.157414e-002	-3.416768e-002
4.005692618547137e-005	3.583792e+001	-3.806962e+000	-3.091629e+000	-8.975612e-002	-3.284613e-002
4.005710081366867e-005	3.583866e+001	-3.782156e+000	-4.311342e+000	-1.236383e-001	-3.164537e-002
4.005730525778168e-005	3.583898e+001	-3.748134e+000	-4.841633e+000	-1.383322e-001	-3.096292e-002
4.005756177870204e-005	3.583865e+001	-3.706516e+000	-4.288825e+000	-1.228770e-001	-3.100527e-002
4.005773166944072e-005	3.583800e+001	-3.684500e+000	-3.225874e+000	-9.325081e-002	-3.149638e-002
4.005786761833483e-005	3.583722e+001	-3.673496e+000	-1.986102e+000	-5.871179e-002	-3.211249e-002
4.005798892144432e-005	3.583641e+001	-3.669837e+000	-7.216595e-001	-2.348815e-002	-3.271849e-002
4.005810844964673e-005	3.583556e+001	-3.672161e+000	5.617765e-001	1.226570e-002	-3.328512e-002
4.005823093122952e-005	3.583471e+001	-3.680296e+000	1.817334e+000	4.724656e-002	-3.376571e-002
4.005835358592152e-005	3.583393e+001	-3.693777e+000	2.917088e+000	7.789283e-002	-3.407948e-002
4.005849559018212e-005	3.583323e+001	-3.714705e+000	3.875279e+000	1.046063e-001	-3.416087e-002
4.005867584596946e-005	3.583277e+001	-3.745691e+000	4.506092e+000	1.222206e-001	-3.379551e-002
4.005889325951812e-005	3.583288e+001	-3.783127e+000	4.359254e+000	1.182029e-001	-3.269869e-002
4.005915882854723e-005	3.583378e+001	-3.822233e+000	3.131109e+000	8.410704e-002	-3.067208e-002
4.005931349474244e-005	3.583460e+001	-3.838070e+000	1.964790e+000	5.169755e-002	-2.924095e-002
4.005943932342141e-005	3.583538e+001	-3.844339e+000	8.130359e-001	1.968403e-002	-2.800249e-002
4.005957156260430e-005	3.583622e+001	-3.844753e+000	-4.334067e-001	-1.496334e-002	-2.674370e-002
4.005969295175300e-005	3.583691e+001	-3.839772e+000	-1.505637e+000	-4.476737e-002	-2.570124e-002
4.005984075048330e-005	3.583759e+001	-3.827603e+000	-2.593588e+000	-7.500448e-002	-2.466095e-002
4.006001729519579e-005	3.583812e+001	-3.807330e+000	-3.451650e+000	-9.884170e-002	-2.380965e-002
4.006023251380813e-005	3.583829e+001	-3.779441e+000	-3.727127e+000	-1.064642e-001	-2.338106e-002
4.006049804342560e-005	3.583790e+001	-3.747245e+000	-3.093093e+000	-8.877097e-002	-2.355665e-002
4.006065543441147e-005	3.583737e+001	-3.732801e+000	-2.239442e+000	-6.498569e-002	-2.396980e-002
4.006078639332003e-005	3.583675e+001	-3.725989e+000	-1.268181e+000	-3.793039e-002	-2.445552e-002
4.006090617638727e-005	3.583611e+001	-3.724444e+000	-2.871683e-001	-1.060353e-002	-2.492211e-002
4.006102647763107e-005	3.583545e+001	-3.727453e+000	7.059356e-001	1.706237e-002	-2.535185e-002
4.006114862584919e-005	3.583480e+001	-3.734839e+000	1.649286e+000	4.334635e-002	-2.569813e-002
4.006127134009878e-005	3.583424e+001	-3.746277e+000	2.451407e+000	6.570189e-002	-2.590027e-002
4.006142769966078e-005	3.583373e+001	-3.765059e+000	3.173713e+000	8.584663e-002	-2.589821e-002
4.006161385688399e-005	3.583348e+001	-3.790156e+000	3.520851e+000	9.555907e-002	-2.549692e-002
4.006185173520321e-005	3.583369e+001	-3.821635e+000	3.231441e+000	8.757011e-002	-2.446093e-002
4.006203238633269e-005	3.583420e+001	-3.841842e+000	2.513433e+000	6.763685e-002	-2.335365e-002
4.006217081719075e-005	3.583477e+001	-3.852880e+000	1.684237e+000	4.459689e-002	-2.235152e-002
4.006229529948252e-005	3.583537e+001	-3.858365e+000	8.115709e-001	2.034231e-002	-2.140712e-002
4.006242581475764e-005	3.583601e+001	-3.859565e+000	-1.411724e-001	-6.140823e-003	-2.044017e-002
4.006254809905194e-005	3.583657e+001	-3.856547e+000	-9.950886e-001	-2.987764e-002	-1.960907e-002
4.006268404420824e-005	3.583709e+001	-3.848773e+000	-1.810738e+000	-5.254954e-002	-1.883317e-002
4.006285787225159e-005	3.583755e+001	-3.834139e+000	-2.551905e+000	-7.314584e-002	-1.811691e-002
4.006306015756970e-005	3.583777e+001	-3.814025e+000	-2.891325e+000	-8.256260e-002	-1.770677e-002
4.006331455480320e-005	3.583758e+001	-3.789166e+000	-2.594946e+000	-7.428277e-002	-1.772652e-002
4.006349112598385e-005	3.583718e+001	-3.775247e+000	-1.951802e+000	-5.636265e-002	-1.803239e-002
4.006362797725281e-005	3.583670e+001	-3.768411e+000	-1.214360e+000	-3.582156e-002	-1.840753e-002
4.006374942361359e-005	3.583621e+001	-3.766049e+000	-4.605992e-001	-1.482622e-002	-1.877736e-002
4.006386883307553e-005	3.583571e+001	-3.767269e+000	3.051243e-001	6.504062e-003	-1.912436e-002
4.006399134098457e-005	3.583520e+001	-3.771965e+000	1.057131e+000	2.745546e-002	-1.942201e-002
4.006411397495380e-005	3.583474e+001	-3.779866e+000	1.717711e+000	4.586459e-002	-1.962115e-002
4.006425593992249e-005	3.583434e+001	-3.792223e+000	2.296301e+000	6.199787e-002	-1.968447e-002
4.006443603645002e-005	3.583407e+001	-3.810600e+000	2.682983e+000	7.280026e-002	-1.948595e-002
4.006465290581582e-005	3.583414e+001	-3.832565e+000	2.586862e+000	7.017458e-002	-1.884293e-002
4.006496160700517e-005	3.583476e+001	-3.858678e+000	1.697061e+000	4.548017e-002	-1.743869e-002
4.006512395100274e-005	3.583527e+001	-3.867630e+000	9.453201e-001	2.459373e-002	-1.654682e-002
4.006524903835200e-005	3.583574e+001	-3.870294e+000	2.508213e-001	5.290329e-003	-1.582270e-002
4.006537984752171e-005	3.583622e+001	-3.869407e+000	-4.789756e-001	-1.499653e-002	-1.510391e-002
4.006550037993100e-005	3.583662e+001	-3.865454e+000	-1.088803e+000	-3.194888e-002	-1.452277e-002
4.006566393230435e-005	3.583704e+001	-3.856250e+000	-1.744162e+000	-5.016542e-002	-1.390429e-002
4.006584553985984e-005	3.583730e+001	-3.842988e+000	-2.162419e+000	-6.178552e-002	-1.348101e-002
4.006607988189033e-005	3.583730e+001	-3.825031e+000	-2.156410e+000	-6.159727e-002	-1.335127e-002
4.006637151779554e-005	3.583688e+001	-3.806027e+000	-1.507941e+000	-4.352587e-002	-1.363378e-002
4.006652481598664e-005	3.583650e+001	-3.799599e+000	-9.140134e-001	-2.698255e-002	-1.393479e-002
4.006664768146800e-005	3.583611e+001	-3.797779e+000	-3.249235e-001	-1.057464e-002	-1.422684e-002
4.006676665158266e-005	3.583572e+001	-3.798830e+000	2.652630e-001	5.865458e-003	-1.449657e-002
4.006688856046605e-005	3.583533e+001	-3.802553e+000	8.422650e-001	2.194108e-002	-1.472666e-002
4.006701099632428e-005	3.583499e+001	-3.808754e+000	1.347970e+000	3.603453e-002	-1.487962e-002
4.006715631126331e-005	3.583468e+001	-3.818628e+000	1.797476e+000	4.856963e-002	-1.492657e-002
4.006733760059085e-005	3.583448e+001	-3.832978e+000	2.082198e+000	5.652670e-002	-1.476464e-002
4.006755860545200e-005	3.583453e+001	-3.850489e+000	2.003680e+000	5.438257e-002	-1.425952e-002
4.006781362170478e-005	3.583492e+001	-3.867746e+000	1.452121e+000	3.907893e-002	-1.337489e-002
4.006796586200240e-005	3.583528e+001	-3.874921e+000	9.199089e-001	2.429356e-002	-1.273375e-002
4.006809123179163e-005	3.583563e+001	-3.877832e+000	3.901996e-001	9.571402e-003	-1.217235e-002
4.006822317272112e-005	3.583601e+001	-3.878064e+000	-1.848437e-001	-6.413385e-003	-1.160024e-002
4.006834464668800e-005	3.583634e+001	-3.875802e+000	-6.825830e-001	-2.025037e-002	-1.112445e-002
4.006849065859101e-005	3.583667e+001	-3.870286e+000	-1.183646e+000	-3.417969e-002	-1.065550e-002
4.006866673771811e-005	3.583693e+001	-3.860958e+000	-1.587590e+000	-4.540665e-002	-1.026816e-002
4.006887994414694e-005	3.583702e+001	-3.848128e+000	-1.727485e+000	-4.928587e-002	-1.007605e-002
4.006914345519604e-005	3.583684e+001	-3.833161e+000	-1.453756e+000	-4.165297e-002	-1.016266e-002
4.006930294005047e-005	3.583659e+001	-3.826213e+000	-1.062368e+000	-3.075109e-002	-1.036177e-002
4.006943487513308e-005	3.583630e+001	-3.822863e+000	-6.144600e-001	-1.827650e-002	-1.059470e-002
4.006955493760241e-005	3.583600e+001	-3.821985e+000	-1.613687e-001	-5.656828e-003	-1.081883e-002
4.006967506000881e-005	3.583569e+001	-3.823218e+000	2.976041e-001	7.128294e-003	-1.102651e-002
4.006979727057524e-005	3.583540e+001	-3.826485e+000	7.363428e-001	1.935227e-002	-1.119735e-002
4.006991994205524e-005	3.583514e+001	-3.831640e+000	1.111199e+000	2.980013e-002	-1.130251e-002
4.007007618663715e-005	3.583491e+001	-3.840187e+000	1.452153e+000	3.931059e-002	-1.131748e-002
4.007026197387452e-005	3.583479e+001	-3.851681e+000	1.622814e+000	4.408734e-002	-1.115178e-002
4.007049854788080e-005	3.583487e+001	-3.866123e+000	1.501658e+000	4.075073e-002	-1.069815e-002
4.007068449353196e-005	3.583510e+001	-3.875758e+000	1.166855e+000	3.146006e-002	-1.018663e-002
4.007082376704590e-005	3.583536e+001	-3.880915e+000	7.843180e-001	2.083292e-002	-9.730338e-003
4.007094824864978e-005	3.583563e+001	-3.883459e+000	3.818107e-001	9.646543e-003	-9.301171e-003
4.007107970169298e-005	3.583593e+001	-3.884023e+000	-6.164575e-002	-2.680294e-003	-8.858099e-003
4.007120133891860e-005	3.583619e+001	-3.882639e+000	-4.547870e-001	-1.360970e-002	-8.482006e-003
4.007133682874373e-005	3.583643e+001	-3.879059e+000	-8.319960e-001	-2.409657e-002	-8.130572e-003
4.007150983130368e-005	3.583665e+001	-3.872319e+000	-1.176084e+000	-3.366156e-002	-7.807743e-003
4.007171166106047e-005	3.583676e+001	-3.863005e+000	-1.337805e+000	-3.815249e-002	-7.625365e-003
4.007196466234430e-005	3.583668e+001	-3.851492e+000	-1.207981e+000	-3.452940e-002	-7.643188e-003
4.007214394210227e-005	3.583648e+001	-3.844874e+000	-9.096879e-001	-2.622060e-002	-7.793785e-003
4.007228121954978e-005	3.583626e+001	-3.841632e+000	-5.695150e-001	-1.674693e-002	-7.973810e-003
4.007240275965708e-005	3.583603e+001	-3.840479e+000	-2.213742e-001	-7.050939e-003	-8.150923e-003
4.007252211163133e-005	3.583580e+001	-3.840985e+000	1.323982e-001	2.803085e-003	-8.317498e-003
4.007264464084965e-005	3.583556e+001	-3.843097e+000	4.805440e-001	1.250223e-002	-8.461803e-003
4.007276723947595e-005	3.583536e+001	-3.846699e+000	7.864634e-001	2.102766e-002	-8.560530e-003
4.007291102876093e-005	3.583517e+001	-3.852436e+000	1.058115e+000	2.860297e-002	-8.597851e-003
4.007309159566768e-005	3.583505e+001	-3.860904e+000	1.237546e+000	3.361714e-002	-8.514739e-003
4.007331014245645e-005	3.583508e+001	-3.871079e+000	1.191908e+000	3.237242e-002	-8.224947e-003
4.007361943298198e-005	3.583536e+001	-3.883080e+000	7.781398e-001	2.089208e-002	-7.587913e-003
4.007378144369734e-005	3.583559e+001	-3.887154e+000	4.306174e-001	1.123727e-002	-7.183489e-003
4.007390618574576e-005	3.583581e+001	-3.888337e+000	1.103105e-001	2.334392e-003	-6.855276e-003
4.007403683004656e-005	3.583603e+001	-3.887884e+000	-2.264093e-001	-7.026309e-003	-6.529440e-003
4.007415731637410e-005	3.583622e+001	-3.886020e+000	-5.076887e-001	-1.484645e-002	-6.266582e-003
4.007432140344178e-005	3.583641e+001	-3.881704e+000	-8.105097e-001	-2.326550e-002	-5.987638e-003
4.007450318419238e-005	3.583654e+001	-3.875525e+000	-1.002253e+000	-2.859466e-002	-5.800718e-003
4.007473821341886e-005	3.583654e+001	-3.867167e+000	-9.965418e-001	-2.842871e-002	-5.752172e-003
4.007503100877808e-005	3.583634e+001	-3.858340e+000	-6.919647e-001	-1.994395e-002	-5.897158e-003
4.007518471538589e-005	3.583615e+001	-3.855373e+000	-4.152413e-001	-1.223738e-002	-6.043348e-003
4.007530744778824e-005	3.583598e+001	-3.854550e+000	-1.426828e-001	-4.646595e-003	-6.182938e-003
4.007542644695739e-005	3.583579e+001	-3.855055e+000	1.300882e-001	2.951133e-003	-6.311712e-003
4.007554825572951e-005	3.583562e+001	-3.856790e+000	3.958592e-001	1.035540e-002	-6.421674e-003
4.007567065459438e-005	3.583546e+001	-3.859672e+000	6.277643e-001	1.681839e-002	-6.495249e-003
4.007582021103602e-005	3.583532e+001	-3.864384e+000	8.379026e-001	2.267894e-002	-6.520008e-003
4.007600295230973e-005	3.583523e+001	-3.871058e+000	9.632426e-001	2.618347e-002	-6.445707e-003
4.007622900114383e-005	3.583526e+001	-3.879306e+000	9.186587e-001	2.496340e-002	-6.209501e-003
4.007646469710465e-005	3.583542e+001	-3.886643e+000	6.790307e-001	1.831553e-002	-5.836898e-003
4.007661300020456e-005	3.583558e+001	-3.889881e+000	4.386597e-001	1.163819e-002	-5.552418e-003
4.007673792156565e-005	3.583575e+001	-3.891269e+000	1.954826e-001	4.879684e-003	-5.297893e-003
4.007686955056548e-005	3.583592e+001	-3.891438e+000	-6.988795e-002	-2.497231e-003	-5.037378e-003
4.007699122491514e-005	3.583607e+001	-3.890448e+000	-3.020199e-001	-8.950977e-003	-4.818971e-003
4.007713363315042e-005	3.583623e+001	-3.888022e+000	-5.317972e-001	-1.533963e-002	-4.608354e-003
4.007730876251168e-005	3.583635e+001	-3.883778e+000	-7.252537e-001	-2.071796e-002	-4.429288e-003
4.007751797333715e-005	3.583640e+001	-3.877941e+000	-8.012308e-001	-2.282757e-002	-4.339173e-003
4.007777770576816e-005	3.583633e+001	-3.870989e+000	-6.921867e-001	-1.978790e-002	-4.375865e-003
4.007794146880364e-005	3.583622e+001	-3.867548e+000	-5.145101e-001	-1.483973e-002	-4.470477e-003
4.007807538274323e-005	3.583608e+001	-3.865833e+000	-3.085505e-001	-9.104320e-003	-4.581844e-003
4.007819605835710e-005	3.583594e+001	-3.865297e+000	-9.943869e-002	-3.280652e-003	-4.689567e-003
4.007831585988675e-005	3.583580e+001	-3.865743e+000	1.126088e-001	2.625623e-003	-4.790148e-003
4.007843820619193e-005	3.583566e+001	-3.867139e+000	3.177730e-001	8.341406e-003	-4.875245e-003
4.007856081767331e-005	3.583554e+001	-3.869416e+000	4.949140e-001	1.327826e-002	-4.931035e-003
4.007871421520534e-005	3.583543e+001	-3.873197e+000	6.567894e-001	1.779313e-002	-4.948078e-003
4.007889849208898e-005	3.583538e+001	-3.878413e+000	7.463234e-001	2.029768e-002	-4.885645e-003
4.007912983484864e-005	3.583540e+001	-3.884930e+000	7.031667e-001	1.911313e-002	-4.695049e-003
4.007934030554315e-005	3.583552e+001	-3.889985e+000	5.343281e-001	1.442891e-002	-4.437145e-003
4.007948389059319e-005	3.583564e+001	-3.892433e+000	3.539433e-001	9.417966e-003	-4.224736e-003
4.007960852945826e-005	3.583576e+001	-3.893565e+000	1.673531e-001	4.232206e-003	-4.029418e-003
4.007974105154223e-005	3.583590e+001	-3.893770e+000	-3.920202e-002	-1.509738e-003	-3.826831e-003
4.007986240261694e-005	3.583602e+001	-3.893076e+000	-2.195794e-001	-6.524680e-003	-3.657558e-003
4.008000089161174e-005	3.583614e+001	-3.891322e+000	-3.957003e-001	-1.142166e-002	-3.496970e-003
4.008017433305152e-005	3.583624e+001	-3.888136e+000	-5.508025e-001	-1.573402e-002	-3.355250e-003
4.008037931039797e-005	3.583628e+001	-3.883727e+000	-6.197116e-001	-1.764831e-002	-3.279864e-003
4.008063437200699e-005	3.583624e+001	-3.878369e+000	-5.511035e-001	-1.573551e-002	-3.299785e-003
4.008080559875352e-005	3.583615e+001	-3.875478e+000	-4.152317e-001	-1.195170e-002	-3.372787e-003
4.008094178767382e-005	3.583604e+001	-3.874022e+000	-2.572692e-001	-7.553038e-003	-3.459409e-003
4.008106312943814e-005	3.583594e+001	-3.873512e+000	-9.608294e-002	-3.064249e-003	-3.543885e-003
4.008118261240110e-005	3.583583e+001	-3.873766e+000	6.756318e-002	1.493691e-003	-3.623225e-003
4.008130510498204e-005	3.583572e+001	-3.874761e+000	2.278714e-001	5.959594e-003	-3.691845e-003
4.008142767827064e-005	3.583563e+001	-3.876444e+000	3.678842e-001	9.861440e-003	-3.738800e-003
4.008157621941344e-005	3.583554e+001	-3.879200e+000	4.948312e-001	1.340165e-002	-3.757437e-003
4.008175842022830e-005	3.583549e+001	-3.883148e+000	5.731614e-001	1.559131e-002	-3.718425e-003
4.008198264514715e-005	3.583550e+001	-3.888011e+000	5.496784e-001	1.495012e-002	-3.583629e-003
4.008223582411970e-005	3.583561e+001	-3.892683e+000	3.969117e-001	1.071214e-002	-3.348727e-003
4.008238716011119e-005	3.583570e+001	-3.894614e+000	2.501524e-001	6.635216e-003	-3.177417e-003
4.008251201087378e-005	3.583580e+001	-3.895385e+000	1.043703e-001	2.583407e-003	-3.027125e-003
4.008264365412810e-005	3.583591e+001	-3.895421e+000	-5.395366e-002	-1.817971e-003	-2.873885e-003
4.008276507689518e-005	3.583600e+001	-3.894771e+000	-1.910779e-001	-5.630526e-003	-2.746656e-003
4.008291168567253e-005	3.583609e+001	-3.893214e+000	-3.295067e-001	-9.479639e-003	-2.621624e-003
4.008308795691126e-005	3.583616e+001	-3.890606e+000	-4.403068e-001	-1.256032e-002	-2.520625e-003
4.008330182241624e-005	3.583619e+001	-3.887024e+000	-4.777304e-001	-1.359938e-002	-2.474789e-003
4.008356603247648e-005	3.583614e+001	-3.882858e+000	-4.003659e-001	-1.144382e-002	-2.507575e-003
4.008372485562829e-005	3.583606e+001	-3.880940e+000	-2.920006e-001	-8.426267e-003	-2.567329e-003
4.008385648063415e-005	3.583598e+001	-3.880013e+000	-1.682544e-001	-4.980458e-003	-2.635370e-003
4.008397643699807e-005	3.583590e+001	-3.879767e+000	-4.317317e-002	-1.497117e-003	-2.700518e-003
4.008409661436090e-005	3.583582e+001	-3.880103e+000	8.350975e-002	2.031393e-003	-2.761042e-003
4.008421880434310e-005	3.583574e+001	-3.880999e+000	2.043596e-001	5.398218e-003	-2.811266e-003
4.008434142788800e-005	3.583567e+001	-3.882417e+000	3.071237e-001	8.262325e-003	-2.843004e-003
4.008450257883888e-005	3.583560e+001	-3.884844e+000	4.025962e-001	1.092554e-002	-2.850280e-003
4.008469004184395e-005	3.583557e+001	-3.888024e+000	4.469126e-001	1.216668e-002	-2.806724e-003
4.008493273718909e-005	3.583560e+001	-3.892063e+000	4.078171e-001	1.108901e-002	-2.681312e-003
4.008511279825457e-005	3.583566e+001	-3.894580e+000	3.153104e-001	8.521943e-003	-2.547368e-003
4.008525072148973e-005	3.583573e+001	-3.895938e+000	2.091062e-001	5.571462e-003	-2.425287e-003
4.008537456099290e-005	3.583580e+001	-3.896590e+000	9.804079e-002	2.484609e-003	-2.310442e-003
4.008550707708309e-005	3.583589e+001	-3.896698e+000	-2.530878e-002	-9.444600e-004	-2.190773e-003
4.008562855479834e-005	3.583596e+001	-3.896271e+000	-1.329851e-001	-3.938272e-003	-2.090874e-003
4.008576781177617e-005	3.583603e+001	-3.895204e+000	-2.383762e-001	-6.868820e-003	-1.996044e-003
4.008594151767260e-005	3.583609e+001	-3.893284e+000	-3.303803e-001	-9.427087e-003	-1.913454e-003
4.008614727872638e-005	3.583611e+001	-3.890630e+000	-3.704521e-001	-1.054052e-002	-1.870980e-003
4.008640311534381e-005	3.583609e+001	-3.887417e+000	-3.279153e-001	-9.355019e-003	-1.886084e-003
4.008657193812875e-005	3.583603e+001	-3.885717e+000	-2.471853e-001	-7.107047e-003	-1.930922e-003
4.008670780782512e-005	3.583597e+001	-3.884853e+000	-1.527173e-001	-4.476624e-003	-1.983823e-003
4.008682909701431e-005	3.583591e+001	-3.884550e+000	-5.639950e-002	-1.794443e-003	-2.035241e-003
4.008694862103526e-005	3.583584e+001	-3.884703e+000	4.135763e-002	9.282252e-004	-2.083530e-003
4.008707110414845e-005	3.583578e+001	-3.885298e+000	1.369886e-001	3.592247e-003	-2.125346e-003
4.008719365894711e-005	3.583572e+001	-3.886305e+000	2.203178e-001	5.914388e-003	-2.154079e-003
4.008734439284977e-005	3.583567e+001	-3.887976e+000	2.966480e-001	8.043007e-003	-2.166030e-003
4.008752732353224e-005	3.583564e+001	-3.890341e+000	3.423856e-001	9.321676e-003	-2.143102e-003
4.008775412742716e-005	3.583565e+001	-3.893271e+000	3.269155e-001	8.898566e-003	-2.062421e-003
4.008799811147905e-005	3.583571e+001	-3.895952e+000	2.382652e-001	6.439161e-003	-1.928478e-003
4.008814755116931e-005	3.583577e+001	-3.897090e+000	1.515722e-001	4.030804e-003	-1.828362e-003
4.008827216845189e-005	3.583582e+001	-3.897557e+000	6.479528e-002	1.618911e-003	-1.739618e-003
4.008840365850423e-005	3.583589e+001	-3.897587e+000	-2.968689e-002	-1.007755e-003	-1.648943e-003
4.008852517466901e-005	3.583594e+001	-3.897208e+000	-1.119270e-001	-3.294425e-003	-1.573384e-003
4.008867011052072e-005	3.583600e+001	-3.896297e+000	-1.943181e-001	-5.585507e-003	-1.499902e-003
4.008884593745806e-005	3.583604e+001	-3.894750e+000	-2.616193e-001	-7.456935e-003	-1.439816e-003
4.008905792659506e-005	3.583606e+001	-3.892625e+000	-2.858811e-001	-8.130899e-003	-1.412476e-003
4.008932029871958e-005	3.583603e+001	-3.890129e+000	-2.426200e-001	-6.925710e-003	-1.431821e-003
4.008948105888085e-005	3.583599e+001	-3.888852e+000	-1.822001e-001	-5.243398e-003	-1.466316e-003
4.008949810615803e-005	3.583598e+001	-3.888748e+000	-1.735222e-001	-5.001785e-003	-1.471341e-003
4.008953220071239e-005	3.583597e+001	-3.888587e+000	-1.541142e-001	-4.461403e-003	-1.482431e-003
4.008960038982111e-005	3.583595e+001	-3.888365e+000	-1.131943e-001	-3.321999e-003	-1.505186e-003
4.008973676803855e-005	3.583589e+001	-3.888224e+000	-2.780901e-002	-9.442186e-004	-1.550298e-003
4.008987621713198e-005	3.583583e+001	-3.888464e+000	5.925333e-002	1.480675e-003	-1.592429e-003
4.009000523864751e-005	3.583578e+001	-3.889064e+000	1.341052e-001	3.566027e-003	-1.623499e-003
4.009012894533027e-005	3.583574e+001	-3.889962e+000	1.933528e-001	5.217407e-003	-1.640936e-003
4.009029828634964e-005	3.583570e+001	-3.891529e+000	2.477265e-001	6.734534e-003	-1.641964e-003
4.009049025407880e-005	3.583569e+001	-3.893474e+000	2.662910e-001	7.255944e-003	-1.610181e-003
4.009074901520585e-005	3.583572e+001	-3.895975e+000	2.297267e-001	6.244866e-003	-1.523999e-003
4.009091033135451e-005	3.583575e+001	-3.897237e+000	1.744006e-001	4.708989e-003	-1.449859e-003
4.009104391187651e-005	3.583579e+001	-3.897935e+000	1.097701e-001	2.913195e-003	-1.378550e-003
4.009116648887195e-005	3.583584e+001	-3.898247e+000	4.309158e-002	1.059823e-003	-1.311338e-003
4.009129452344390e-005	3.583589e+001	-3.898239e+000	-2.788782e-002	-9.135161e-004	-1.243854e-003
4.009141661521266e-005	3.583593e+001	-3.897919e+000	-9.114894e-002	-2.672533e-003	-1.186207e-003
4.009156457365943e-005	3.583597e+001	-3.897175e+000	-1.548181e-001	-4.443060e-003	-1.129860e-003
4.009174258410048e-005	3.583600e+001	-3.895942e+000	-2.050086e-001	-5.838736e-003	-1.085335e-003
4.009195797570245e-005	3.583601e+001	-3.894271e+000	-2.200915e-001	-6.257617e-003	-1.067343e-003
4.009222597597691e-005	3.583599e+001	-3.892334e+000	-1.809959e-001	-5.168693e-003	-1.086566e-003
4.009238199253187e-005	3.583595e+001	-3.891483e+000	-1.305553e-001	-3.764272e-003	-1.115517e-003
4.009251238994568e-005	3.583591e+001	-3.891079e+000	-7.330317e-002	-2.170152e-003	-1.147809e-003
4.009263197027479e-005	3.583588e+001	-3.890983e+000	-1.558330e-002	-5.628144e-004	-1.178532e-003
4.009275238623747e-005	3.583584e+001	-3.891155e+000	4.282365e-002	1.063933e-003	-1.207021e-003
4.009287449243178e-005	3.583580e+001	-3.891583e+000	9.806978e-002	2.603019e-003	-1.230475e-003
4.009299710291597e-005	3.583577e+001	-3.892251e+000	1.445635e-001	3.898821e-003	-1.245105e-003
4.009316396397731e-005	3.583574e+001	-3.893422e+000	1.882895e-001	5.118630e-003	-1.248148e-003
4.009335376199151e-005	3.583573e+001	-3.894903e+000	2.059218e-001	5.612933e-003	-1.226794e-003
4.009360508059430e-005	3.583574e+001	-3.896805e+000	1.831013e-001	4.982702e-003	-1.165697e-003
4.009377290186440e-005	3.583577e+001	-3.897854e+000	1.411344e-001	3.817863e-003	-1.107870e-003
4.009390893892064e-005	3.583580e+001	-3.898440e+000	9.163203e-002	2.442488e-003	-1.052606e-003
4.009403220121032e-005	3.583584e+001	-3.898715e+000	4.028535e-002	1.015305e-003	-1.000600e-003
4.009416156510248e-005	3.583588e+001	-3.898740e+000	-1.523930e-002	-5.283594e-004	-9.477221e-004
4.009428320620153e-005	3.583591e+001	-3.898523e+000	-6.463330e-002	-1.901797e-003	-9.027363e-004
4.009442523446073e-005	3.583594e+001	-3.898000e+000	-1.134208e-001	-3.258515e-003	-8.597178e-004
4.009460070691991e-005	3.583597e+001	-3.897087e+000	-1.547227e-001	-4.407085e-003	-8.235640e-004
4.009480948457198e-005	3.583598e+001	-3.895836e+000	-1.709363e-001	-4.857672e-003	-8.067850e-004
4.009506940134632e-005	3.583596e+001	-3.894341e+000	-1.477979e-001	-4.213130e-003	-8.174976e-004
4.009523326619759e-005	3.583594e+001	-3.893600e+000	-1.100078e-001	-3.160968e-003	-8.394476e-004
4.009536725502078e-005	3.583591e+001	-3.893227e+000	-6.616824e-002	-1.940356e-003	-8.646284e-004
4.009548795045073e-005	3.583588e+001	-3.893106e+000	-2.166049e-002	-7.010002e-004	-8.888715e-004
4.009560774720172e-005	3.583585e+001	-3.893195e+000	2.347281e-002	5.559762e-004	-9.115721e-004
4.009573009844577e-005	3.583582e+001	-3.893486e+000	6.715437e-002	1.772794e-003	-9.309982e-004
4.009585264906155e-005	3.583580e+001	-3.893965e+000	1.047771e-001	2.821224e-003	-9.441026e-004
4.009601029756403e-005	3.583577e+001	-3.894786e+000	1.399560e-001	3.802310e-003	-9.492800e-004
4.009619588218345e-005	3.583576e+001	-3.895895e+000	1.585178e-001	4.321550e-003	-9.373320e-004
4.009643199097423e-005	3.583577e+001	-3.897297e+000	1.482306e-001	4.038763e-003	-8.976604e-004
4.009663536551137e-005	3.583579e+001	-3.898321e+000	1.129034e-001	3.058521e-003	-8.462400e-004
4.009677716301654e-005	3.583582e+001	-3.898825e+000	7.472060e-002	1.997738e-003	-8.028109e-004
4.009690125857493e-005	3.583584e+001	-3.899063e+000	3.513946e-002	8.976007e-004	-7.625382e-004
4.009702230364659e-005	3.583587e+001	-3.899105e+000	-5.080651e-003	-2.205676e-004	-7.241610e-004
4.009714456818022e-005	3.583590e+001	-3.898963e+000	-4.409115e-002	-1.305284e-003	-6.886098e-004
4.009727597847964e-005	3.583592e+001	-3.898620e+000	-8.036371e-002	-2.313986e-003	-6.566721e-004
4.009745094075610e-005	3.583594e+001	-3.897946e+000	-1.152868e-001	-3.285208e-003	-6.264289e-004
4.009764862798720e-005	3.583595e+001	-3.897039e+000	-1.319162e-001	-3.747534e-003	-6.107758e-004
4.009790224984936e-005	3.583595e+001	-3.895887e+000	-1.200538e-001	-3.416986e-003	-6.152890e-004
4.009809484012837e-005	3.583592e+001	-3.895174e+000	-8.894739e-002	-2.550930e-003	-6.334818e-004
4.009823211622555e-005	3.583590e+001	-3.894848e+000	-5.556176e-002	-1.621413e-003	-6.529241e-004
4.009835327323987e-005	3.583588e+001	-3.894732e+000	-2.135496e-002	-6.689305e-004	-6.718705e-004
4.009847264064062e-005	3.583586e+001	-3.894779e+000	1.345113e-002	3.003895e-004	-6.897484e-004
4.009859507252249e-005	3.583583e+001	-3.894983e+000	4.761102e-002	1.251917e-003	-7.054025e-004
4.009871760127811e-005	3.583582e+001	-3.895335e+000	7.745359e-002	2.083471e-003	-7.164251e-004
4.009886956084192e-005	3.583580e+001	-3.895929e+000	1.051166e-001	2.854825e-003	-7.217015e-004
4.009905273901244e-005	3.583578e+001	-3.896766e+000	1.217239e-001	3.319002e-003	-7.146647e-004
4.009928040548495e-005	3.583579e+001	-3.897808e+000	1.163096e-001	3.170899e-003	-6.870289e-004
4.009953126965427e-005	3.583581e+001	-3.898780e+000	8.374204e-002	2.267290e-003	-6.391427e-004
4.009968161541162e-005	3.583583e+001	-3.899181e+000	5.255478e-002	1.400830e-003	-6.039373e-004
4.009980594762766e-005	3.583585e+001	-3.899338e+000	2.162073e-002	5.409812e-004	-5.729723e-004
4.009993730233427e-005	3.583587e+001	-3.899339e+000	-1.199510e-002	-3.936318e-004	-5.413836e-004
4.010005868300066e-005	3.583589e+001	-3.899196e+000	-4.113386e-002	-1.203897e-003	-5.152037e-004
4.010020569036784e-005	3.583591e+001	-3.898857e+000	-7.059963e-002	-2.023348e-003	-4.896044e-004
4.010038209877704e-005	3.583593e+001	-3.898295e+000	-9.406098e-002	-2.675830e-003	-4.694020e-004
4.010059641455504e-005	3.583593e+001	-3.897525e+000	-1.018228e-001	-2.891523e-003	-4.612149e-004
4.010086115916909e-005	3.583592e+001	-3.896630e+000	-8.505487e-002	-2.424571e-003	-4.701142e-004
4.010101944034323e-005	3.583591e+001	-3.896221e+000	-6.194027e-002	-1.781051e-003	-4.838772e-004
4.010115082143386e-005	3.583589e+001	-3.896022e+000	-3.558377e-002	-1.047236e-003	-4.991887e-004
4.010127070987641e-005	3.583587e+001	-3.895968e+000	-8.954425e-003	-3.057310e-004	-5.137903e-004
4.010139094092619e-005	3.583585e+001	-3.896038e+000	1.801208e-002	4.452897e-004	-5.273927e-004
4.010151311675571e-005	3.583583e+001	-3.896227e+000	4.369452e-002	1.160718e-003	-5.387809e-004
4.010163568587459e-005	3.583582e+001	-3.896528e+000	6.543780e-002	1.766659e-003	-5.461622e-004
4.010180159514509e-005	3.583581e+001	-3.897057e+000	8.605116e-002	2.341615e-003	-5.484910e-004
4.010199067837159e-005	3.583580e+001	-3.897735e+000	9.493955e-002	2.590582e-003	-5.397889e-004
4.010223938972474e-005	3.583581e+001	-3.898604e+000	8.545940e-002	2.328916e-003	-5.132172e-004
4.010241383965957e-005	3.583582e+001	-3.899112e+000	6.581629e-002	1.783701e-003	-4.862440e-004
4.010255078293006e-005	3.583583e+001	-3.899388e+000	4.305583e-002	1.151306e-003	-4.610516e-004
4.010267407741968e-005	3.583585e+001	-3.899516e+000	1.942062e-002	4.943380e-004	-4.373867e-004
4.010280804608896e-005	3.583587e+001	-3.899529e+000	-7.102215e-003	-2.430688e-004	-4.124514e-004
4.010292937485123e-005	3.583588e+001	-3.899428e+000	-2.983423e-002	-8.751843e-004	-3.920512e-004
4.010307229994061e-005	3.583590e+001	-3.899184e+000	-5.248994e-002	-1.505254e-003	-3.724396e-004
4.010324661120691e-005	3.583591e+001	-3.898762e+000	-7.141161e-002	-2.031504e-003	-3.563124e-004
4.010345630001000e-005	3.583592e+001	-3.898180e+000	-7.891960e-002	-2.240219e-003	-3.490590e-004
4.010371515410357e-005	3.583591e+001	-3.897491e+000	-6.829870e-002	-1.944439e-003	-3.545989e-004
4.010387919477291e-005	3.583590e+001	-3.897120e+000	-5.196620e-002	-1.489761e-003	-3.645597e-004
4.010389586487716e-005	3.583590e+001	-3.897090e+000	-4.968331e-002	-1.426208e-003	-3.659506e-004
4.010392920508567e-005	3.583590e+001	-3.897044e+000	-4.453914e-002	-1.282995e-003	-3.690336e-004
4.010399588550270e-005	3.583589e+001	-3.896977e+000	-3.364822e-002	-9.797747e-004	-3.753874e-004
4.010412924633675e-005	3.583587e+001	-3.896920e+000	-1.075941e-002	-3.424485e-004	-3.881344e-004
4.010425701231922e-005	3.583586e+001	-3.896961e+000	1.135099e-002	2.733018e-004	-3.995380e-004
4.010438700738885e-005	3.583584e+001	-3.897105e+000	3.262269e-002	8.658355e-004	-4.092123e-004
4.010450932710045e-005	3.583583e+001	-3.897331e+000	4.962105e-002	1.339520e-003	-4.152208e-004
4.010467364981350e-005	3.583582e+001	-3.897731e+000	6.582306e-002	1.791388e-003	-4.174752e-004
4.010486004949830e-005	3.583582e+001	-3.898245e+000	7.325122e-002	1.999319e-003	-4.114683e-004
4.010510610318845e-005	3.583582e+001	-3.898912e+000	6.685034e-002	1.822822e-003	-3.919054e-004
4.010528824202496e-005	3.583583e+001	-3.899326e+000	5.150059e-002	1.396804e-003	-3.705709e-004
4.010542628413690e-005	3.583584e+001	-3.899545e+000	3.401209e-002	9.108958e-004	-3.511613e-004
4.010554976572810e-005	3.583585e+001	-3.899650e+000	1.579456e-002	4.045198e-004	-3.329146e-004
4.010567085615459e-005	3.583587e+001	-3.899667e+000	-2.759378e-003	-1.113299e-004	-3.154692e-004
4.010579319920062e-005	3.583588e+001	-3.899598e+000	-2.072309e-002	-6.108523e-004	-2.993496e-004
4.010592564670383e-005	3.583589e+001	-3.899436e+000	-3.749857e-002	-1.077392e-003	-2.848411e-004
4.010610093269041e-005	3.583590e+001	-3.899121e+000	-5.345105e-002	-1.521075e-003	-2.713544e-004
4.010629968254221e-005	3.583591e+001	-3.898698e+000	-6.087933e-002	-1.727631e-003	-2.646813e-004
4.010655425860222e-005	3.583590e+001	-3.898163e+000	-5.512134e-002	-1.567250e-003	-2.674265e-004
4.010673871301695e-005	3.583589e+001	-3.897847e+000	-4.127401e-002	-1.181756e-003	-2.758639e-004
4.010687605887044e-005	3.583588e+001	-3.897696e+000	-2.584055e-002	-7.520891e-004	-2.850977e-004
4.010699744970280e-005	3.583587e+001	-3.897640e+000	-1.005033e-002	-3.124375e-004	-2.940598e-004
4.010711682471087e-005	3.583586e+001	-3.897660e+000	6.003148e-003	1.346147e-004	-3.025184e-004
4.010723931042371e-005	3.583585e+001	-3.897752e+000	2.177937e-002	5.740396e-004	-3.099672e-004
4.010736180129150e-005	3.583584e+001	-3.897913e+000	3.555739e-002	9.579371e-004	-3.152732e-004
4.010751514242581e-005	3.583583e+001	-3.898187e+000	4.845278e-002	1.317485e-003	-3.180005e-004
4.010769866182271e-005	3.583583e+001	-3.898573e+000	5.612417e-002	1.531873e-003	-3.150469e-004
4.010792766997726e-005	3.583583e+001	-3.899054e+000	5.356862e-002	1.461915e-003	-3.025616e-004
4.010817896456366e-005	3.583584e+001	-3.899500e+000	3.846266e-002	1.042747e-003	-2.807963e-004
4.010832914030971e-005	3.583585e+001	-3.899683e+000	2.406406e-002	6.426928e-004	-2.647941e-004
4.010845325118059e-005	3.583586e+001	-3.899754e+000	9.812367e-003	2.465295e-004	-2.507265e-004
4.010858448785129e-005	3.583587e+001	-3.899752e+000	-5.673782e-003	-1.840500e-004	-2.363763e-004
4.010870541429642e-005	3.583588e+001	-3.899685e+000	-1.904699e-002	-5.559411e-004	-2.245420e-004
4.010885287106810e-005	3.583589e+001	-3.899527e+000	-3.264917e-002	-9.342459e-004	-2.129397e-004
4.010902912474480e-005	3.583590e+001	-3.899266e+000	-4.341001e-002	-1.233544e-003	-2.039219e-004
4.010924397131821e-005	3.583590e+001	-3.898909e+000	-4.692306e-002	-1.331200e-003	-2.004922e-004
4.010950881825858e-005	3.583589e+001	-3.898495e+000	-3.909921e-002	-1.113366e-003	-2.050183e-004
4.010966674530533e-005	3.583588e+001	-3.898307e+000	-2.842107e-002	-8.161067e-004	-2.115873e-004
4.010979794613996e-005	3.583588e+001	-3.898215e+000	-1.626227e-002	-4.776017e-004	-2.188203e-004
4.010991779984090e-005	3.583587e+001	-3.898190e+000	-3.978640e-003	-1.355761e-004	-2.257069e-004
4.011003808408520e-005	3.583586e+001	-3.898222e+000	8.459667e-003	2.108161e-004	-2.321291e-004
4.011016025188100e-005	3.583585e+001	-3.898309e+000	2.029063e-002	5.403721e-004	-2.375216e-004
4.011028279915708e-005	3.583584e+001	-3.898448e+000	3.028283e-002	8.188204e-004	-2.410487e-004
4.011045099639276e-005	3.583584e+001	-3.898695e+000	3.983857e-002	1.085338e-003	-2.422794e-004
4.011064088453223e-005	3.583584e+001	-3.899008e+000	4.379931e-002	1.196286e-003	-2.383673e-004
4.011089261362399e-005	3.583584e+001	-3.899411e+000	3.914176e-002	1.067648e-003	-2.261094e-004
4.011106409606678e-005	3.583584e+001	-3.899638e+000	3.010489e-002	8.167897e-004	-2.140059e-004
4.011120053199996e-005	3.583585e+001	-3.899762e+000	1.957387e-002	5.241667e-004	-2.025541e-004
4.011132357591524e-005	3.583586e+001	-3.899819e+000	8.673654e-003	2.211655e-004	-1.918032e-004
4.011145796224932e-005	3.583587e+001	-3.899823e+000	-3.590940e-003	-1.198416e-004	-1.804409e-004
4.011157924328803e-005	3.583587e+001	-3.899774e+000	-1.403518e-002	-4.102838e-004	-1.712135e-004
4.011172358923940e-005	3.583588e+001	-3.899658e+000	-2.450718e-002	-7.015358e-004	-1.623143e-004
4.011189818845731e-005	3.583588e+001	-3.899461e+000	-3.309480e-002	-9.403959e-004	-1.551810e-004
4.011210945896526e-005	3.583589e+001	-3.899189e+000	-3.633789e-002	-1.030571e-003	-1.522192e-004
4.011236977811352e-005	3.583588e+001	-3.898854e+000	-3.265945e-002	-9.281461e-004	-1.542729e-004
4.011238033245674e-005	3.583588e+001	-3.898842e+000	-3.227503e-002	-9.174456e-004	-1.545191e-004
4.011244365851611e-005	3.583588e+001	-3.898778e+000	-2.885632e-002	-8.222848e-004	-1.567115e-004
4.011252809326194e-005	3.583588e+001	-3.898712e+000	-2.341578e-002	-6.708340e-004	-1.600909e-004
4.011269696275360e-005	3.583587e+001	-3.898630e+000	-1.104167e-002	-3.263351e-004	-1.674526e-004
4.011282925271958e-005	3.583587e+001	-3.898615e+000	-6.052016e-004	-3.573925e-005	-1.732783e-004
4.011294971286149e-005	3.583586e+001	-3.898649e+000	8.920138e-003	2.295388e-004	-1.781180e-004
4.011307151591419e-005	3.583585e+001	-3.898726e+000	1.775256e-002	4.755847e-004	-1.820017e-004
4.011320163423330e-005	3.583585e+001	-3.898849e+000	2.541604e-002	6.891674e-004	-1.844498e-004
4.011337792403017e-005	3.583584e+001	-3.899058e+000	3.206098e-002	8.745757e-004	-1.846149e-004
4.011357864974049e-005	3.583584e+001	-3.899314e+000	3.362346e-002	9.186489e-004	-1.802633e-004
4.011384932307927e-005	3.583585e+001	-3.899633e+000	2.746431e-002	7.480391e-004	-1.686564e-004
4.011400241612962e-005	3.583585e+001	-3.899773e+000	2.018113e-002	5.457691e-004	-1.597621e-004
4.011413208069951e-005	3.583586e+001	-3.899848e+000	1.187717e-002	3.149825e-004	-1.511597e-004
4.011425325244139e-005	3.583586e+001	-3.899876e+000	3.396128e-003	7.920241e-005	-1.430409e-004
4.011437924254743e-005	3.583587e+001	-3.899864e+000	-5.421427e-003	-1.659820e-004	-1.350510e-004
4.011450124155647e-005	3.583587e+001	-3.899813e+000	-1.322457e-002	-3.829919e-004	-1.282837e-004
4.011465926660281e-005	3.583588e+001	-3.899701e+000	-2.133155e-002	-6.084789e-004	-1.215031e-004
4.011484113939266e-005	3.583588e+001	-3.899532e+000	-2.690608e-002	-7.635357e-004	-1.169116e-004
4.011506866753476e-005	3.583588e+001	-3.899307e+000	-2.738373e-002	-7.767802e-004	-1.161417e-004
4.011535412660391e-005	3.583588e+001	-3.899060e+000	-2.014551e-002	-5.752864e-004	-1.206409e-004
4.011550383147200e-005	3.583587e+001	-3.898970e+000	-1.318463e-002	-3.815101e-004	-1.249347e-004
4.011562781201218e-005	3.583587e+001	-3.898937e+000	-5.871809e-003	-1.779128e-004	-1.292280e-004
4.011574654163818e-005	3.583586e+001	-3.898939e+000	1.499744e-003	2.735152e-005	-1.332614e-004
4.011586951469973e-005	3.583586e+001	-3.898976e+000	8.907679e-003	2.336705e-004	-1.369326e-004
4.011599177066849e-005	3.583585e+001	-3.899045e+000	1.545706e-002	4.161335e-004	-1.396660e-004
4.011613877216996e-005	3.583585e+001	-3.899161e+000	2.153652e-002	5.856027e-004	-1.412999e-004
4.011631937847378e-005	3.583585e+001	-3.899333e+000	2.565992e-002	7.007440e-004	-1.405786e-004
4.011653935089514e-005	3.583585e+001	-3.899545e+000	2.516846e-002	6.875633e-004	-1.356676e-004
4.011683758860649e-005	3.583585e+001	-3.899806e+000	1.833818e-002	4.981445e-004	-1.248145e-004
4.011685002609774e-005	3.583585e+001	-3.899815e+000	1.787131e-002	4.851777e-004	-1.242495e-004
4.011687490108023e-005	3.583585e+001	-3.899830e+000	1.671230e-002	4.529724e-004	-1.229908e-004
4.011692465104522e-005	3.583585e+001	-3.899855e+000	1.426215e-002	3.848803e-004	-1.204241e-004
4.011702415097519e-005	3.583586e+001	-3.899891e+000	9.047455e-003	2.399302e-004	-1.152208e-004
4.011714574039521e-005	3.583586e+001	-3.899910e+000	2.418724e-003	5.563839e-005	-1.089445e-004
4.011727218234153e-005	3.583587e+001	-3.899899e+000	-4.410258e-003	-1.342552e-004	-1.027960e-004
4.011739646551611e-005	3.583587e+001	-3.899858e+000	-1.051800e-002	-3.041190e-004	-9.753538e-005
4.011755521348867e-005	3.583588e+001	-3.899769e+000	-1.672064e-002	-4.766435e-004	-9.238914e-005
4.011773904574235e-005	3.583588e+001	-3.899636e+000	-2.091518e-002	-5.933198e-004	-8.897200e-005
4.011796774760090e-005	3.583588e+001	-3.899462e+000	-2.102530e-002	-5.963529e-004	-8.860874e-005
4.011825952973249e-005	3.583587e+001	-3.899270e+000	-1.494970e-002	-4.272303e-004	-9.244653e-005
4.011841222703487e-005	3.583587e+001	-3.899203e+000	-9.312566e-003	-2.703056e-004	-9.593513e-005
4.011853558049816e-005	3.583587e+001	-3.899181e+000	-3.620468e-003	-1.118306e-004	-9.927188e-005
4.011865449367837e-005	3.583586e+001	-3.899187e+000	2.090772e-003	4.720326e-005	-1.023809e-004
4.011877662885175e-005	3.583586e+001	-3.899219e+000	7.719477e-003	2.039719e-004	-1.051416e-004
4.011889888855992e-005	3.583585e+001	-3.899275e+000	1.264736e-002	3.412667e-004	-1.071437e-004
4.011905368543074e-005	3.583585e+001	-3.899373e+000	1.732241e-002	4.716013e-004	-1.082671e-004
4.011923746612541e-005	3.583585e+001	-3.899510e+000	2.009161e-002	5.489732e-004	-1.073688e-004
4.011946770769839e-005	3.583585e+001	-3.899682e+000	1.917629e-002	5.238997e-004	-1.030585e-004
4.011972308113499e-005	3.583585e+001	-3.899843e+000	1.367412e-002	3.712018e-004	-9.533428e-005
4.011987367294643e-005	3.583586e+001	-3.899907e+000	8.501935e-003	2.274843e-004	-8.970506e-005
4.011999750852231e-005	3.583586e+001	-3.899931e+000	3.414337e-003	8.605078e-005	-8.477928e-005
4.012012860326767e-005	3.583587e+001	-3.899929e+000	-2.107302e-003	-6.748440e-005	-7.976027e-005
4.012024946913446e-005	3.583587e+001	-3.899904e+000	-6.865893e-003	-1.998240e-004	-7.563588e-005
4.012039756481653e-005	3.583587e+001	-3.899846e+000	-1.171157e-002	-3.346037e-004	-7.160484e-005
4.012057402619314e-005	3.583587e+001	-3.899752e+000	-1.550129e-002	-4.400228e-004	-6.854472e-005
4.012078971089426e-005	3.583588e+001	-3.899623e+000	-1.667135e-002	-4.725615e-004	-6.752086e-005
4.012105585300795e-005	3.583587e+001	-3.899475e+000	-1.375600e-002	-3.914113e-004	-6.938551e-005
4.012121246537781e-005	3.583587e+001	-3.899408e+000	-9.924193e-003	-2.847515e-004	-7.183791e-005
4.012134307294553e-005	3.583587e+001	-3.899376e+000	-5.575558e-003	-1.636924e-004	-7.449976e-005
4.012146281302815e-005	3.583587e+001	-3.899368e+000	-1.184674e-003	-4.143983e-005	-7.702730e-005
4.012158328628845e-005	3.583586e+001	-3.899380e+000	3.260064e-003	8.233398e-005	-7.938557e-005
4.012170542335600e-005	3.583586e+001	-3.899411e+000	7.468357e-003	1.995511e-004	-8.136422e-005
4.012182794796818e-005	3.583586e+001	-3.899461e+000	1.100145e-002	2.980006e-004	-8.266284e-005
4.012200015235464e-005	3.583585e+001	-3.899552e+000	1.441660e-002	3.932476e-004	-8.314699e-005
4.012219159329476e-005	3.583585e+001	-3.899664e+000	1.570934e-002	4.294735e-004	-8.174899e-005
4.012244919981613e-005	3.583585e+001	-3.899809e+000	1.381592e-002	3.771230e-004	-7.728331e-005
4.012261406582477e-005	3.583586e+001	-3.899886e+000	1.061377e-002	2.882158e-004	-7.315923e-005
4.012274936740848e-005	3.583586e+001	-3.899928e+000	6.828575e-003	1.830260e-004	-6.915010e-005
4.012287199232077e-005	3.583586e+001	-3.899947e+000	2.931796e-003	7.469578e-005	-6.538777e-005
4.012300526440324e-005	3.583587e+001	-3.899947e+000	-1.409638e-003	-4.602311e-005	-6.144687e-005
4.012312658602388e-005	3.583587e+001	-3.899928e+000	-5.121117e-003	-1.492426e-004	-5.823739e-005
4.012327224148275e-005	3.583587e+001	-3.899885e+000	-8.849841e-003	-2.529563e-004	-5.514752e-005
4.012344757873723e-005	3.583587e+001	-3.899813e+000	-1.184759e-002	-3.363469e-004	-5.274560e-005
4.012366047791984e-005	3.583587e+001	-3.899715e+000	-1.288496e-002	-3.652005e-004	-5.188131e-005
4.012392338149146e-005	3.583587e+001	-3.899600e+000	-1.084013e-002	-3.082843e-004	-5.321341e-005
4.012408293844689e-005	3.583587e+001	-3.899546e+000	-7.912098e-003	-2.267841e-004	-5.511081e-005
4.012421490963147e-005	3.583587e+001	-3.899519e+000	-4.562175e-003	-1.335301e-004	-5.718491e-005
4.012433508757897e-005	3.583587e+001	-3.899511e+000	-1.170382e-003	-3.909723e-005	-5.916147e-005
4.012445533278628e-005	3.583586e+001	-3.899519e+000	2.265517e-003	5.658025e-005	-6.101133e-005
4.012457840112421e-005	3.583586e+001	-3.899543e+000	5.569186e-003	1.485967e-004	-6.259605e-005
4.012470084647388e-005	3.583586e+001	-3.899580e+000	8.345463e-003	2.259533e-004	-6.365616e-005
4.012487032189982e-005	3.583586e+001	-3.899648e+000	1.103793e-002	3.010361e-004	-6.412007e-005
4.012506006378724e-005	3.583585e+001	-3.899734e+000	1.217025e-002	3.327363e-004	-6.317313e-005
4.012531248028157e-005	3.583586e+001	-3.899845e+000	1.092038e-002	2.982104e-004	-5.994046e-005
4.012548646018844e-005	3.583586e+001	-3.899908e+000	8.406814e-003	2.284270e-004	-5.665154e-005
4.012562317423234e-005	3.583586e+001	-3.899942e+000	5.500346e-003	1.476587e-004	-5.355691e-005
4.012574605293717e-005	3.583586e+001	-3.899958e+000	2.495840e-003	6.413425e-005	-5.065019e-005
4.012586705635923e-005	3.583587e+001	-3.899960e+000	-5.595703e-004	-2.082470e-005	-4.787247e-005
4.012598934423520e-005	3.583587e+001	-3.899947e+000	-3.502289e-003	-1.026639e-004	-4.532390e-005
4.012612333889728e-005	3.583587e+001	-3.899919e+000	-6.263011e-003	-1.794525e-004	-4.303286e-005
4.012629910302716e-005	3.583587e+001	-3.899865e+000	-8.825310e-003	-2.507307e-004	-4.098632e-005
4.012649964048126e-005	3.583587e+001	-3.899794e+000	-9.949984e-003	-2.820176e-004	-4.009463e-005
4.012675635894834e-005	3.583587e+001	-3.899705e+000	-8.867631e-003	-2.518919e-004	-4.080640e-005
4.012693090512894e-005	3.583587e+001	-3.899656e+000	-6.646320e-003	-1.900657e-004	-4.227260e-005
4.012706742935017e-005	3.583587e+001	-3.899631e+000	-4.089885e-003	-1.189039e-004	-4.388608e-005
4.012718889235117e-005	3.583587e+001	-3.899622e+000	-1.479300e-003	-4.622465e-005	-4.544039e-005
4.012730850876029e-005	3.583586e+001	-3.899625e+000	1.172696e-003	2.761963e-005	-4.690768e-005
4.012743002375444e-005	3.583586e+001	-3.899640e+000	3.748281e-003	9.935146e-005	-4.819305e-005
4.012755253550648e-005	3.583586e+001	-3.899666e+000	6.005858e-003	1.622475e-004	-4.912756e-005
4.012771087844099e-005	3.583586e+001	-3.899713e+000	8.166892e-003	2.224935e-004	-4.965654e-005
4.012789639051136e-005	3.583586e+001	-3.899777e+000	9.374587e-003	2.562418e-004	-4.921893e-005
4.012813128210394e-005	3.583586e+001	-3.899858e+000	8.862443e-003	2.421718e-004	-4.718336e-005
4.012836440659703e-005	3.583586e+001	-3.899925e+000	6.505636e-003	1.767566e-004	-4.395220e-005
4.012851072787729e-005	3.583586e+001	-3.899954e+000	4.180705e-003	1.121515e-004	-4.145163e-005
4.012863427799543e-005	3.583586e+001	-3.899966e+000	1.845915e-003	4.724366e-005	-3.920485e-005
4.012875498821581e-005	3.583587e+001	-3.899967e+000	-5.085660e-004	-1.822667e-005	-3.707788e-005
4.012887687817821e-005	3.583587e+001	-3.899956e+000	-2.755648e-003	-8.072120e-005	-3.514545e-005
4.012902606694365e-005	3.583587e+001	-3.899931e+000	-5.086554e-003	-1.455564e-004	-3.322717e-005
4.012919649045053e-005	3.583587e+001	-3.899890e+000	-6.907384e-003	-1.962099e-004	-3.178762e-005
4.012940801534779e-005	3.583587e+001	-3.899832e+000	-7.658513e-003	-2.171064e-004	-3.120207e-005
4.012966120977688e-005	3.583587e+001	-3.899764e+000	-6.655972e-003	-1.892046e-004	-3.188414e-005
4.012982636560437e-005	3.583587e+001	-3.899727e+000	-5.052336e-003	-1.445730e-004	-3.296663e-005
4.012984253510477e-005	3.583587e+001	-3.899724e+000	-4.836305e-003	-1.385600e-004	-3.310846e-005
4.012987487410557e-005	3.583587e+001	-3.899719e+000	-4.348587e-003	-1.249843e-004	-3.342126e-005
4.012993955210717e-005	3.583587e+001	-3.899713e+000	-3.315169e-003	-9.621689e-005	-3.406575e-005
4.013006890811038e-005	3.583587e+001	-3.899706e+000	-1.137497e-003	-3.559016e-005	-3.536340e-005
4.013019598275219e-005	3.583586e+001	-3.899709e+000	1.033139e-003	2.485005e-005	-3.657092e-005
4.013031786197080e-005	3.583586e+001	-3.899720e+000	3.020140e-003	8.018914e-005	-3.756494e-005
4.013044091170030e-005	3.583586e+001	-3.899741e+000	4.754092e-003	1.284972e-004	-3.828034e-005
4.013060098169685e-005	3.583586e+001	-3.899778e+000	6.405662e-003	1.745416e-004	-3.867240e-005
4.013078826889127e-005	3.583586e+001	-3.899828e+000	7.288731e-003	1.992244e-004	-3.829732e-005
4.013102628196098e-005	3.583586e+001	-3.899891e+000	6.832796e-003	1.866778e-004	-3.667707e-005
4.013124070493066e-005	3.583586e+001	-3.899939e+000	5.135507e-003	1.395653e-004	-3.437619e-005
4.013138362046625e-005	3.583586e+001	-3.899961e+000	3.379273e-003	9.076249e-005	-3.249292e-005
4.013150703795759e-005	3.583586e+001	-3.899971e+000	1.584832e-003	4.087660e-005	-3.076535e-005
4.013162764678588e-005	3.583587e+001	-3.899972e+000	-2.327693e-004	-9.664906e-006	-2.912354e-005
4.013174978866512e-005	3.583587e+001	-3.899964e+000	-1.975211e-003	-5.812494e-005	-2.762751e-005
4.013191015198789e-005	3.583587e+001	-3.899944e+000	-3.921834e-003	-1.122717e-004	-2.603083e-005
4.013207345278323e-005	3.583587e+001	-3.899913e+000	-5.275260e-003	-1.499233e-004	-2.496725e-005
4.013229078429338e-005	3.583587e+001	-3.899867e+000	-5.882904e-003	-1.668293e-004	-2.450533e-005
4.013253511315291e-005	3.583587e+001	-3.899816e+000	-5.160457e-003	-1.467241e-004	-2.500848e-005
4.013270225135221e-005	3.583587e+001	-3.899789e+000	-3.831214e-003	-1.097286e-004	-2.590054e-005
4.013283676076411e-005	3.583587e+001	-3.899775e+000	-2.305977e-003	-6.727258e-005	-2.687176e-005
4.013296685768583e-005	3.583587e+001	-3.899770e+000	-6.298029e-004	-2.060818e-005	-2.787579e-005
4.013308728000524e-005	3.583586e+001	-3.899772e+000	9.564010e-004	2.355924e-005	-2.875431e-005
4.013321789623918e-005	3.583586e+001	-3.899783e+000	2.583549e-003	6.887703e-005	-2.956090e-005
4.013333918510137e-005	3.583586e+001	-3.899800e+000	3.864845e-003	1.045757e-004	-3.007467e-005
4.013351022572714e-005	3.583586e+001	-3.899831e+000	5.141773e-003	1.401802e-004	-3.033320e-005
4.013369694639237e-005	3.583586e+001	-3.899870e+000	5.686820e-003	1.554312e-004	-2.995153e-005
4.013395018279292e-005	3.583586e+001	-3.899921e+000	5.143906e-003	1.404378e-004	-2.851291e-005
4.013412936414114e-005	3.583586e+001	-3.899953e+000	4.059230e-003	1.103311e-004	-2.703108e-005
4.013414652175261e-005	3.583586e+001	-3.899956e+000	3.909830e-003	1.061805e-004	-2.686182e-005
4.013418083697555e-005	3.583586e+001	-3.899960e+000	3.565547e-003	9.661272e-005	-2.649961e-005
4.013424946742142e-005	3.583586e+001	-3.899966e+000	2.829975e-003	7.616702e-005	-2.576026e-005
4.013438672831318e-005	3.583586e+001	-3.899974e+000	1.268501e-003	3.275575e-005	-2.427461e-005
4.013451642931006e-005	3.583587e+001	-3.899975e+000	-2.333423e-004	-9.006070e-006	-2.292273e-005
4.013464635453916e-005	3.583587e+001	-3.899968e+000	-1.650987e-003	-4.843388e-005	-2.171384e-005
4.013480659853907e-005	3.583587e+001	-3.899951e+000	-3.110488e-003	-8.903216e-005	-2.052762e-005
4.013498079676910e-005	3.583587e+001	-3.899925e+000	-4.154165e-003	-1.180678e-004	-1.971787e-005
4.013519494555741e-005	3.583587e+001	-3.899890e+000	-4.494634e-003	-1.275411e-004	-1.946483e-005
4.013545317681955e-005	3.583587e+001	-3.899850e+000	-3.750205e-003	-1.068249e-004	-1.998959e-005
4.013561186352559e-005	3.583587e+001	-3.899831e+000	-2.699374e-003	-7.757793e-005	-2.069290e-005
4.013574845325998e-005	3.583587e+001	-3.899821e+000	-1.458573e-003	-4.303892e-005	-2.147898e-005
4.013586893621420e-005	3.583587e+001	-3.899817e+000	-2.462478e-004	-9.288761e-006	-2.221207e-005
4.013588382108308e-005	3.583586e+001	-3.899817e+000	-9.153406e-005	-4.981247e-006	-2.230187e-005
4.013591359082084e-005	3.583586e+001	-3.899818e+000	2.192307e-004	3.671701e-006	-2.247596e-005
4.013597313029636e-005	3.583586e+001	-3.899820e+000	8.261916e-004	2.057356e-005	-2.280119e-005
4.013609220924740e-005	3.583586e+001	-3.899828e+000	1.968585e-003	5.239077e-005	-2.336431e-005
4.013621220054813e-005	3.583586e+001	-3.899841e+000	2.952049e-003	7.979071e-005	-2.376512e-005
4.013639067238750e-005	3.583586e+001	-3.899866e+000	3.995272e-003	1.088772e-004	-2.399170e-005
4.013657401487862e-005	3.583586e+001	-3.899895e+000	4.421401e-003	1.207980e-004	-2.371856e-005
4.013682994030266e-005	3.583586e+001	-3.899935e+000	4.005367e-003	1.093093e-004	-2.260959e-005
4.013701252158428e-005	3.583586e+001	-3.899959e+000	3.084553e-003	8.374380e-005	-2.141604e-005
4.013714985028436e-005	3.583586e+001	-3.899971e+000	2.050663e-003	5.501130e-005	-2.032990e-005
4.013727250747196e-005	3.583586e+001	-3.899978e+000	9.887918e-004	2.549131e-005	-1.930493e-005
4.013729011776327e-005	3.583586e+001	-3.899978e+000	8.289326e-004	2.104649e-005	-1.915743e-005
4.013732533834590e-005	3.583586e+001	-3.899979e+000	5.049928e-004	1.203852e-005	-1.886731e-005
4.013739577951117e-005	3.583586e+001	-3.899977e+000	-1.287045e-004	-5.584585e-006	-1.831394e-005
4.013753666184169e-005	3.583587e+001	-3.899971e+000	-1.308612e-003	-3.840166e-005	-1.731919e-005
4.013768971309162e-005	3.583587e+001	-3.899958e+000	-2.359949e-003	-6.764680e-005	-1.646993e-005
4.013789542789394e-005	3.583587e+001	-3.899935e+000	-3.259849e-003	-9.268339e-005	-1.577981e-005
4.013809510875539e-005	3.583587e+001	-3.899909e+000	-3.422493e-003	-9.720909e-005	-1.566167e-005
4.013838024328361e-005	3.583587e+001	-3.899876e+000	-2.645356e-003	-7.558282e-005	-1.621075e-005
4.013852941944776e-005	3.583587e+001	-3.899863e+000	-1.828499e-003	-5.284757e-005	-1.675417e-005
4.013866378364050e-005	3.583587e+001	-3.899857e+000	-8.509544e-004	-2.563596e-005	-1.736789e-005
4.013878277888486e-005	3.583586e+001	-3.899856e+000	8.251481e-005	3.528114e-007	-1.791643e-005
4.013890227787213e-005	3.583586e+001	-3.899860e+000	1.009982e-003	2.617938e-005	-1.841633e-005
4.013902920566845e-005	3.583586e+001	-3.899868e+000	1.908248e-003	5.119935e-005	-1.884048e-005
4.013916510311338e-005	3.583586e+001	-3.899880e+000	2.679576e-003	7.269360e-005	-1.911296e-005
4.013934602657945e-005	3.583586e+001	-3.899901e+000	3.312861e-003	9.036188e-005	-1.914553e-005
4.013955185179555e-005	3.583586e+001	-3.899927e+000	3.409191e-003	9.309690e-005	-1.871399e-005
4.013983253340365e-005	3.583586e+001	-3.899960e+000	2.817303e-003	7.669974e-005	-1.761614e-005
4.013984066328723e-005	3.583586e+001	-3.899961e+000	2.785114e-003	7.580601e-005	-1.757456e-005
4.013988944258872e-005	3.583586e+001	-3.899965e+000	2.525917e-003	6.860460e-005	-1.728538e-005
4.013995448165736e-005	3.583586e+001	-3.899970e+000	2.152355e-003	5.822379e-005	-1.688608e-005
4.013997074142452e-005	3.583586e+001	-3.899971e+000	2.053522e-003	5.547698e-005	-1.678383e-005
4.014000326095885e-005	3.583586e+001	-3.899973e+000	1.845024e-003	4.968157e-005	-1.657515e-005
4.014006830002750e-005	3.583586e+001	-3.899976e+000	1.409482e-003	3.757349e-005	-1.615500e-005
4.014019837816480e-005	3.583586e+001	-3.899979e+000	5.088391e-004	1.253128e-005	-1.532570e-005
4.014032535702265e-005	3.583587e+001	-3.899977e+000	-3.603637e-004	-1.164099e-005	-1.456446e-005
4.014046535850932e-005	3.583587e+001	-3.899971e+000	-1.229657e-003	-3.581996e-005	-1.384174e-005
4.014063455219666e-005	3.583587e+001	-3.899959e+000	-2.044952e-003	-5.850062e-005	-1.319714e-005
4.014083378870533e-005	3.583587e+001	-3.899940e+000	-2.560031e-003	-7.283203e-005	-1.281248e-005
4.014107281394238e-005	3.583587e+001	-3.899918e+000	-2.456134e-003	-6.994114e-005	-1.288942e-005
4.014139919543318e-005	3.583587e+001	-3.899893e+000	-1.413633e-003	-4.092744e-005	-1.359960e-005
4.014155713599587e-005	3.583587e+001	-3.899886e+000	-6.084777e-004	-1.851537e-005	-1.411240e-005
4.014167854256289e-005	3.583586e+001	-3.899885e+000	1.244762e-004	1.890533e-006	-1.454590e-005
4.014179840209575e-005	3.583586e+001	-3.899888e+000	8.396130e-004	2.180450e-005	-1.493115e-005
4.014194134223278e-005	3.583586e+001	-3.899895e+000	1.609967e-003	4.326200e-005	-1.529162e-005
4.014207600539484e-005	3.583586e+001	-3.899905e+000	2.176087e-003	5.903890e-005	-1.548177e-005
4.014226815510502e-005	3.583586e+001	-3.899923e+000	2.642036e-003	7.204255e-005	-1.546940e-005
4.014247289916711e-005	3.583586e+001	-3.899942e+000	2.639616e-003	7.201646e-005	-1.508835e-005
4.014277856139467e-005	3.583586e+001	-3.899967e+000	1.908720e-003	5.173596e-005	-1.403027e-005
4.014293689668516e-005	3.583586e+001	-3.899976e+000	1.251961e-003	3.348614e-005	-1.332237e-005
4.014306227887888e-005	3.583586e+001	-3.899979e+000	6.016275e-004	1.540543e-005	-1.270798e-005
4.014319017149671e-005	3.583586e+001	-3.899979e+000	-8.025299e-005	-3.556962e-006	-1.210617e-005
4.014333896970813e-005	3.583587e+001	-3.899975e+000	-8.167372e-004	-2.404154e-005	-1.149034e-005
4.014349568868515e-005	3.583587e+001	-3.899966e+000	-1.438610e-003	-4.134119e-005	-1.099684e-005
4.014369577242149e-005	3.583587e+001	-3.899952e+000	-1.910472e-003	-5.447017e-005	-1.064471e-005
4.014391868954615e-005	3.583587e+001	-3.899936e+000	-1.937168e-003	-5.521382e-005	-1.063257e-005
4.014422594966574e-005	3.583587e+001	-3.899916e+000	-1.314035e-003	-3.787328e-005	-1.107366e-005
4.014437587991973e-005	3.583587e+001	-3.899909e+000	-7.715176e-004	-2.277331e-005	-1.143203e-005
4.014449898717423e-005	3.583586e+001	-3.899907e+000	-2.116721e-004	-7.188503e-006	-1.177826e-005
4.014462288812329e-005	3.583586e+001	-3.899908e+000	3.711686e-004	9.039376e-006	-1.211178e-005
4.014476335504603e-005	3.583586e+001	-3.899912e+000	9.930750e-004	2.635911e-005	-1.242941e-005
4.014491545264948e-005	3.583586e+001	-3.899918e+000	1.598386e-003	4.322115e-005	-1.269728e-005
4.014493547442459e-005	3.583586e+001	-3.899920e+000	1.667338e-003	4.514257e-005	-1.272221e-005
4.014497551797480e-005	3.583586e+001	-3.899922e+000	1.784073e-003	4.839667e-005	-1.275318e-005
4.014505560507524e-005	3.583586e+001	-3.899928e+000	1.968207e-003	5.353256e-005	-1.277493e-005
4.014519836709368e-005	3.583586e+001	-3.899939e+000	2.113628e-003	5.760139e-005	-1.267510e-005
4.014548389113058e-005	3.583586e+001	-3.899960e+000	1.954117e-003	5.320696e-005	-1.215383e-005
4.014565652893831e-005	3.583586e+001	-3.899970e+000	1.586802e-003	4.301058e-005	-1.166200e-005
4.014579921752672e-005	3.583586e+001	-3.899976e+000	1.103574e-003	2.958151e-005	-1.115257e-005
4.014592720902823e-005	3.583586e+001	-3.899979e+000	5.956167e-004	1.545953e-005	-1.066956e-005
4.014606612084990e-005	3.583586e+001	-3.899980e+000	2.497513e-005	-4.092165e-007	-1.016409e-005
4.014622985382043e-005	3.583587e+001	-3.899977e+000	-6.281646e-004	-1.857511e-005	-9.613024e-006
4.014624876395967e-005	3.583587e+001	-3.899976e+000	-6.984499e-004	-2.053020e-005	-9.555855e-006
4.014628658423816e-005	3.583587e+001	-3.899975e+000	-8.305683e-004	-2.420555e-005	-9.450972e-006
4.014629603930778e-005	3.583587e+001	-3.899974e+000	-8.625418e-004	-2.509503e-005	-9.425784e-006
4.014631494944702e-005	3.583587e+001	-3.899974e+000	-9.236925e-004	-2.679625e-005	-9.378079e-006
4.014635276972551e-005	3.583587e+001	-3.899972e+000	-1.037463e-003	-2.996149e-005	-9.290444e-006
4.014642841028247e-005	3.583587e+001	-3.899968e+000	-1.245150e-003	-3.573984e-005	-9.132943e-006
4.014644732042172e-005	3.583587e+001	-3.899967e+000	-1.291052e-003	-3.701703e-005	-9.098802e-006
4.014648514070020e-005	3.583587e+001	-3.899965e+000	-1.368054e-003	-3.915970e-005	-9.043006e-006
4.014656078125717e-005	3.583587e+001	-3.899960e+000	-1.478413e-003	-4.223090e-005	-8.966151e-006
4.014671206237110e-005	3.583587e+001	-3.899951e+000	-1.522052e-003	-4.344622e-005	-8.943834e-006
4.014701462459896e-005	3.583587e+001	-3.899934e+000	-1.195339e-003	-3.435590e-005	-9.188384e-006
4.014718143387365e-005	3.583587e+001	-3.899927e+000	-8.026530e-004	-2.342729e-005	-9.457686e-006
4.014731356133301e-005	3.583586e+001	-3.899924e+000	-3.683282e-004	-1.133785e-005	-9.736964e-006
4.014744425230764e-005	3.583586e+001	-3.899924e+000	1.014186e-004	1.739870e-006	-1.001785e-005
4.014759290376229e-005	3.583586e+001	-3.899926e+000	6.230460e-004	1.626524e-005	-1.029944e-005
4.014776080115924e-005	3.583586e+001	-3.899932e+000	1.135589e-003	3.054258e-005	-1.053078e-005
4.014792493534179e-005	3.583586e+001	-3.899940e+000	1.495278e-003	4.056905e-005	-1.062866e-005
4.014812000491015e-005	3.583586e+001	-3.899951e+000	1.758753e-003	4.792360e-005	-1.060777e-005
4.014812896335190e-005	3.583586e+001	-3.899951e+000	1.761620e-003	4.800449e-005	-1.059962e-005
4.014815404698883e-005	3.583586e+001	-3.899953e+000	1.765528e-003	4.811636e-005	-1.057379e-005
4.014818271400245e-005	3.583586e+001	-3.899954e+000	1.762610e-003	4.803871e-005	-1.053901e-005
4.014824004802969e-005	3.583586e+001	-3.899958e+000	1.733722e-003	4.724187e-005	-1.045359e-005
4.014835471608419e-005	3.583586e+001	-3.899964e+000	1.593354e-003	4.334927e-005	-1.022967e-005
4.014858405219318e-005	3.583586e+001	-3.899974e+000	1.117208e-003	3.012353e-005	-9.668161e-006
4.014879387839854e-005	3.583586e+001	-3.899979e+000	5.345204e-004	1.392685e-005	-9.087192e-006
4.014896392270048e-005	3.583586e+001	-3.899979e+000	7.168427e-006	-7.375854e-007	-8.615541e-006
4.014912692553194e-005	3.583586e+001	-3.899976e+000	-4.659714e-004	-1.389777e-005	-8.222430e-006
4.014929965186715e-005	3.583587e+001	-3.899971e+000	-8.574700e-004	-2.478927e-005	-7.916742e-006
4.014949285254029e-005	3.583587e+001	-3.899962e+000	-1.096100e-003	-3.142945e-005	-7.744041e-006
4.014972798957680e-005	3.583587e+001	-3.899952e+000	-1.062982e-003	-3.050883e-005	-7.776471e-006
4.015004446083531e-005	3.583587e+001	-3.899940e+000	-6.179245e-004	-1.812372e-005	-8.091033e-006
4.015020119905220e-005	3.583586e+001	-3.899937e+000	-2.560392e-004	-8.051020e-006	-8.327328e-006
4.015034041763297e-005	3.583586e+001	-3.899937e+000	1.281582e-004	2.644866e-006	-8.558376e-006
4.015049775389689e-005	3.583586e+001	-3.899939e+000	5.503961e-004	1.440273e-005	-8.785203e-006
4.015068251484702e-005	3.583586e+001	-3.899944e+000	9.699519e-004	2.609050e-005	-8.968419e-006
4.015086103779640e-005	3.583586e+001	-3.899951e+000	1.239899e-003	3.361714e-005	-9.025631e-006
4.015106608900780e-005	3.583586e+001	-3.899960e+000	1.334242e-003	3.626102e-005	-8.922504e-006
4.015130442339551e-005	3.583586e+001	-3.899970e+000	1.188994e-003	3.224062e-005	-8.621634e-006
4.015146898041168e-005	3.583586e+001	-3.899975e+000	9.381925e-004	2.527495e-005	-8.318735e-006
4.015161958761357e-005	3.583586e+001	-3.899979e+000	6.205909e-004	1.644773e-005	-7.992957e-006
4.015165077297188e-005	3.583586e+001	-3.899979e+000	5.464128e-004	1.438547e-005	-7.922338e-006
4.015171314368853e-005	3.583586e+001	-3.899980e+000	3.907507e-004	1.005725e-005	-7.779690e-006
4.015172873636769e-005	3.583586e+001	-3.899980e+000	3.514565e-004	8.964592e-006	-7.744291e-006
4.015175992172601e-005	3.583586e+001	-3.899980e+000	2.724561e-004	6.767677e-006	-7.674540e-006
4.015182229244265e-005	3.583586e+001	-3.899980e+000	1.168714e-004	2.440686e-006	-7.540386e-006
4.015194703387594e-005	3.583586e+001	-3.899978e+000	-1.741026e-004	-5.652622e-006	-7.298498e-006
4.015212655907791e-005	3.583586e+001	-3.899975e+000	-5.228007e-004	-1.535297e-005	-7.022177e-006
4.015232621979050e-005	3.583587e+001	-3.899968e+000	-7.708142e-004	-2.225377e-005	-6.838221e-006
4.015254676407295e-005	3.583587e+001	-3.899961e+000	-8.232859e-004	-2.371473e-005	-6.808232e-006
4.015282308718466e-005	3.583586e+001	-3.899952e+000	-6.174046e-004	-1.798652e-005	-6.963638e-006
4.015297470056983e-005	3.583586e+001	-3.899948e+000	-3.855498e-004	-1.153392e-005	-7.122661e-006
4.015313532149297e-005	3.583586e+001	-3.899947e+000	-6.152480e-005	-2.514393e-006	-7.328465e-006
4.015330794968157e-005	3.583586e+001	-3.899946e+000	3.113031e-004	7.865255e-006	-7.550081e-006
4.015333393978718e-005	3.583586e+001	-3.899947e+000	3.671495e-004	9.420283e-006	-7.581019e-006
4.015338591999840e-005	3.583586e+001	-3.899948e+000	4.738195e-004	1.239097e-005	-7.635635e-006
4.015348988042084e-005	3.583586e+001	-3.899950e+000	6.612274e-004	1.761146e-005	-7.719503e-006
4.015369780126573e-005	3.583586e+001	-3.899956e+000	9.374324e-004	2.531018e-005	-7.800175e-006
4.015390705222571e-005	3.583586e+001	-3.899962e+000	1.051341e-003	2.849409e-005	-7.751601e-006
4.015417942494295e-005	3.583586e+001	-3.899971e+000	9.468557e-004	2.560513e-005	-7.506172e-006
4.015439828043568e-005	3.583586e+001	-3.899977e+000	6.911163e-004	1.850204e-005	-7.200026e-006
4.015456077811398e-005	3.583586e+001	-3.899979e+000	4.160363e-004	1.085532e-005	-6.929874e-006
4.015472724092148e-005	3.583586e+001	-3.899979e+000	1.063768e-004	2.244190e-006	-6.654988e-006
4.015491598672883e-005	3.583586e+001	-3.899977e+000	-2.161716e-004	-6.727537e-006	-6.388618e-006
4.015512465745997e-005	3.583586e+001	-3.899973e+000	-4.818046e-004	-1.411777e-005	-6.184080e-006
4.015533812790317e-005	3.583586e+001	-3.899968e+000	-6.032931e-004	-1.749876e-005	-6.100045e-006
4.015559054378295e-005	3.583586e+001	-3.899961e+000	-5.366282e-004	-1.564460e-005	-6.156369e-006
4.015584652389379e-005	3.583586e+001	-3.899956e+000	-2.835597e-004	-8.602159e-006	-6.334976e-006
4.015602576306905e-005	3.583586e+001	-3.899954e+000	-2.064738e-005	-1.284075e-006	-6.504831e-006
4.015620067649589e-005	3.583586e+001	-3.899954e+000	2.633342e-004	6.622446e-006	-6.670123e-006
4.015639780301294e-005	3.583586e+001	-3.899957e+000	5.502113e-004	1.461246e-005	-6.810634e-006
4.015661588370435e-005	3.583586e+001	-3.899961e+000	7.720754e-004	2.079635e-005	-6.877072e-006
4.015684270922920e-005	3.583586e+001	-3.899967e+000	8.487236e-004	2.294104e-005	-6.823544e-006
4.015711856363011e-005	3.583586e+001	-3.899974e+000	7.754554e-004	2.091687e-005	-6.636266e-006
4.015714159521647e-005	3.583586e+001	-3.899975e+000	7.587607e-004	2.045348e-005	-6.613537e-006
4.015718765838919e-005	3.583586e+001	-3.899976e+000	7.108193e-004	1.912161e-005	-6.559030e-006
4.015727978473464e-005	3.583586e+001	-3.899977e+000	5.999580e-004	1.604064e-005	-6.443052e-006
4.015746403742552e-005	3.583586e+001	-3.899979e+000	3.482490e-004	9.042830e-006	-6.202950e-006
4.015767973530208e-005	3.583586e+001	-3.899979e+000	4.619638e-005	6.428093e-007	-5.938687e-006
4.015791266623732e-005	3.583586e+001	-3.899976e+000	-2.345206e-004	-7.165968e-006	-5.712358e-006
4.015813322098611e-005	3.583586e+001	-3.899972e+000	-3.969321e-004	-1.168502e-005	-5.592522e-006
4.015838342621402e-005	3.583586e+001	-3.899967e+000	-4.133363e-004	-1.214223e-005	-5.587495e-006
4.015869046175678e-005	3.583586e+001	-3.899961e+000	-2.638700e-004	-7.983850e-006	-5.702141e-006
4.015871139606319e-005	3.583586e+001	-3.899961e+000	-2.454565e-004	-7.471444e-006	-5.715234e-006
4.015875326467601e-005	3.583586e+001	-3.899961e+000	-1.983906e-004	-6.161568e-006	-5.747373e-006
4.015883700190166e-005	3.583586e+001	-3.899960e+000	-9.716854e-005	-3.344199e-006	-5.813829e-006
4.015900447635296e-005	3.583586e+001	-3.899960e+000	1.149200e-004	2.560015e-006	-5.943562e-006
4.015922110807202e-005	3.583586e+001	-3.899961e+000	3.731563e-004	9.751025e-006	-6.082101e-006
4.015946292007432e-005	3.583586e+001	-3.899964e+000	5.925360e-004	1.586359e-005	-6.166861e-006
4.015970162449987e-005	3.583586e+001	-3.899969e+000	6.861063e-004	1.847664e-005	-6.148720e-006
4.015998314313828e-005	3.583586e+001	-3.899974e+000	6.231619e-004	1.673618e-005	-6.001700e-006
4.016026094523223e-005	3.583586e+001	-3.899978e+000	4.180444e-004	1.103788e-005	-5.767292e-006
4.016046345078070e-005	3.583586e+001	-3.899979e+000	2.080635e-004	5.199827e-006	-5.570083e-006
4.016066663788391e-005	3.583586e+001	-3.899978e+000	-6.736778e-006	-7.744617e-007	-5.388934e-006
4.016090286720643e-005	3.583586e+001	-3.899976e+000	-1.995523e-004	-6.138684e-006	-5.239200e-006
4.016115230924895e-005	3.583586e+001	-3.899972e+000	-2.902473e-004	-8.662711e-006	-5.176555e-006
4.016144370120972e-005	3.583586e+001	-3.899968e+000	-2.348651e-004	-7.122279e-006	-5.222587e-006
4.016173752745461e-005	3.583586e+001	-3.899965e+000	-4.201523e-005	-1.755374e-006	-5.356484e-006
4.016194962426851e-005	3.583586e+001	-3.899964e+000	1.518662e-004	3.641748e-006	-5.477227e-006
4.016216276298046e-005	3.583586e+001	-3.899965e+000	3.431430e-004	8.968348e-006	-5.578141e-006
4.016243626322638e-005	3.583586e+001	-3.899968e+000	5.179389e-004	1.383949e-005	-5.638190e-006
4.016268745988369e-005	3.583586e+001	-3.899972e+000	6.034882e-004	1.622769e-005	-5.629533e-006
4.016270328537341e-005	3.583586e+001	-3.899972e+000	6.031993e-004	1.622016e-005	-5.624594e-006
4.016272438602638e-005	3.583586e+001	-3.899973e+000	6.008946e-004	1.615672e-005	-5.616615e-006
4.016276658733230e-005	3.583586e+001	-3.899974e+000	5.928217e-004	1.593344e-005	-5.598305e-006
4.016285098994413e-005	3.583586e+001	-3.899975e+000	5.692816e-004	1.528108e-005	-5.556742e-006
4.016287209059710e-005	3.583586e+001	-3.899975e+000	5.613760e-004	1.506174e-005	-5.545039e-006
4.016292484222950e-005	3.583586e+001	-3.899976e+000	5.372799e-004	1.439282e-005	-5.513033e-006
4.016295121804570e-005	3.583586e+001	-3.899976e+000	5.233594e-004	1.400624e-005	-5.495891e-006
4.016296176837218e-005	3.583586e+001	-3.899976e+000	5.173690e-004	1.383985e-005	-5.488785e-006
4.016298286902515e-005	3.583586e+001	-3.899977e+000	5.047629e-004	1.348966e-005	-5.474223e-006
4.016302507033107e-005	3.583586e+001	-3.899977e+000	4.771799e-004	1.272326e-005	-5.443837e-006
4.016310947294291e-005	3.583586e+001	-3.899978e+000	4.145442e-004	1.098239e-005	-5.379694e-006
4.016327827816658e-005	3.583586e+001	-3.899979e+000	2.770440e-004	7.159932e-006	-5.246595e-006
4.016328187030522e-005	3.583586e+001	-3.899979e+000	2.739389e-004	7.073600e-006	-5.243714e-006
4.016328905458250e-005	3.583586e+001	-3.899979e+000	2.675029e-004	6.894635e-006	-5.237907e-006
4.016330342313704e-005	3.583586e+001	-3.899979e+000	2.545602e-004	6.534730e-006	-5.226311e-006
4.016333216024613e-005	3.583586e+001	-3.899979e+000	2.285019e-004	5.810079e-006	-5.203276e-006
4.016338963446430e-005	3.583586e+001	-3.899979e+000	1.762039e-004	4.355665e-006	-5.157697e-006
4.016340400301885e-005	3.583586e+001	-3.899979e+000	1.631458e-004	3.992497e-006	-5.146490e-006
4.016343274012793e-005	3.583586e+001	-3.899979e+000	1.372449e-004	3.272111e-006	-5.124640e-006
4.016349021434611e-005	3.583586e+001	-3.899979e+000	8.698925e-005	1.874245e-006	-5.083126e-006
4.016360516278246e-005	3.583586e+001	-3.899979e+000	-2.514662e-006	-6.156159e-007	-5.011942e-006
4.016383505965517e-005	3.583586e+001	-3.899976e+000	-1.533662e-004	-4.812653e-006	-4.897299e-006
4.016387239657883e-005	3.583586e+001	-3.899976e+000	-1.717810e-004	-5.325085e-006	-4.884130e-006
4.016394707042615e-005	3.583586e+001	-3.899975e+000	-1.941041e-004	-5.946463e-006	-4.869914e-006
4.016409641812079e-005	3.583586e+001	-3.899973e+000	-2.046262e-004	-6.239749e-006	-4.866845e-006
4.016435895651697e-005	3.583586e+001	-3.899970e+000	-1.430477e-004	-4.526833e-006	-4.916782e-006
4.016461056090968e-005	3.583586e+001	-3.899968e+000	-1.035813e-005	-8.342105e-007	-5.009405e-006
4.016483791518212e-005	3.583586e+001	-3.899967e+000	1.502090e-004	3.635511e-006	-5.109622e-006
4.016507865504741e-005	3.583586e+001	-3.899969e+000	3.123732e-004	8.151488e-006	-5.194292e-006
4.016537487236839e-005	3.583586e+001	-3.899971e+000	4.438783e-004	1.181687e-005	-5.233520e-006
4.016565611571457e-005	3.583586e+001	-3.899974e+000	4.586274e-004	1.223367e-005	-5.185506e-006
4.016603987662834e-005	3.583586e+001	-3.899978e+000	3.322785e-004	8.725861e-006	-5.020465e-006
4.016624891517379e-005	3.583586e+001	-3.899979e+000	2.130571e-004	5.411582e-006	-4.904757e-006
4.016648434806192e-005	3.583586e+001	-3.899979e+000	6.583437e-005	1.316855e-006	-4.780468e-006
4.016676464499428e-005	3.583586e+001	-3.899977e+000	-6.279340e-005	-2.261743e-006	-4.681594e-006
4.016706482125100e-005	3.583586e+001	-3.899974e+000	-1.038355e-004	-3.404160e-006	-4.655291e-006
4.016742213993752e-005	3.583586e+001	-3.899971e+000	-2.751985e-005	-1.280947e-006	-4.713880e-006
4.016766543244659e-005	3.583586e+001	-3.899970e+000	8.374809e-005	1.815607e-006	-4.790868e-006
4.016769544847466e-005	3.583586e+001	-3.899970e+000	1.012491e-004	2.302743e-006	-4.802175e-006
4.016775548053080e-005	3.583586e+001	-3.899970e+000	1.382764e-004	3.333530e-006	-4.824769e-006
4.016787554464308e-005	3.583586e+001	-3.899970e+000	2.083434e-004	5.284463e-006	-4.864172e-006
4.016811567286763e-005	3.583586e+001	-3.899971e+000	3.192119e-004	8.372852e-006	-4.913768e-006
4.016844547898425e-005	3.583586e+001	-3.899974e+000	3.905047e-004	1.036221e-005	-4.914416e-006
4.016879570880977e-005	3.583586e+001	-3.899977e+000	3.517965e-004	9.290986e-006	-4.832345e-006
4.016915547188568e-005	3.583586e+001	-3.899979e+000	2.157649e-004	5.510499e-006	-4.690148e-006
4.016941932682840e-005	3.583586e+001	-3.899979e+000	9.204305e-005	2.069734e-006	-4.582681e-006
4.016970004246615e-005	3.583586e+001	-3.899977e+000	-8.819593e-006	-7.363915e-007	-4.505060e-006
4.017003363830999e-005	3.583586e+001	-3.899975e+000	-4.196861e-005	-1.659170e-006	-4.484435e-006
4.017040964221788e-005	3.583586e+001	-3.899973e+000	2.657875e-005	2.479873e-007	-4.536419e-006
4.017067752557136e-005	3.583586e+001	-3.899972e+000	1.275724e-004	3.058770e-006	-4.604835e-006
4.017074449640972e-005	3.583586e+001	-3.899972e+000	1.582256e-004	3.912096e-006	-4.623698e-006
4.017087843808646e-005	3.583586e+001	-3.899972e+000	2.165652e-004	5.536623e-006	-4.655290e-006
4.017114632143994e-005	3.583586e+001	-3.899973e+000	3.172529e-004	8.341245e-006	-4.701881e-006
4.017119248567325e-005	3.583586e+001	-3.899974e+000	3.304025e-004	8.707730e-006	-4.706064e-006
4.017128481413988e-005	3.583586e+001	-3.899974e+000	3.458857e-004	9.139861e-006	-4.705398e-006
4.017146947107313e-005	3.583586e+001	-3.899976e+000	3.489098e-004	9.226585e-006	-4.683916e-006
4.017182884791954e-005	3.583586e+001	-3.899978e+000	2.884190e-004	7.547896e-006	-4.598402e-006
4.017211214464213e-005	3.583586e+001	-3.899979e+000	1.984678e-004	5.047557e-006	-4.508793e-006
4.017239110528806e-005	3.583586e+001	-3.899978e+000	9.862722e-005	2.270713e-006	-4.424197e-006
4.017271872597080e-005	3.583586e+001	-3.899977e+000	1.996278e-005	8.204053e-008	-4.364843e-006
4.017308120648852e-005	3.583586e+001	-3.899975e+000	1.534095e-005	-4.685626e-008	-4.364151e-006
4.017353675404704e-005	3.583586e+001	-3.899973e+000	9.954958e-005	2.296242e-006	-4.426128e-006
4.017357054749340e-005	3.583586e+001	-3.899973e+000	1.099707e-004	2.586283e-006	-4.433127e-006
4.017363813438612e-005	3.583586e+001	-3.899973e+000	1.348747e-004	3.279523e-006	-4.448785e-006
4.017377330817156e-005	3.583586e+001	-3.899973e+000	1.821473e-004	4.595698e-006	-4.476056e-006
4.017404365574242e-005	3.583586e+001	-3.899974e+000	2.536837e-004	6.588454e-006	-4.507914e-006
4.017444733100547e-005	3.583586e+001	-3.899976e+000	2.912387e-004	7.637379e-006	-4.499169e-006
4.017487008147688e-005	3.583586e+001	-3.899978e+000	2.543353e-004	6.614650e-006	-4.434272e-006
4.017493681010102e-005	3.583586e+001	-3.899978e+000	2.388523e-004	6.184370e-006	-4.417986e-006
4.017507026734929e-005	3.583586e+001	-3.899979e+000	1.979459e-004	5.046894e-006	-4.381091e-006
4.017533718184585e-005	3.583586e+001	-3.899979e+000	1.155658e-004	2.755674e-006	-4.311262e-006
4.017540391046999e-005	3.583586e+001	-3.899979e+000	9.668556e-005	2.230451e-006	-4.296286e-006
4.017553736771826e-005	3.583586e+001	-3.899978e+000	6.748248e-005	1.417865e-006	-4.274912e-006
4.017580428221482e-005	3.583586e+001	-3.899977e+000	4.130829e-005	6.893183e-007	-4.257967e-006
4.017622674695414e-005	3.583586e+001	-3.899975e+000	6.720200e-005	1.409538e-006	-4.279516e-006
4.017659051938667e-005	3.583586e+001	-3.899975e+000	1.378990e-004	3.377191e-006	-4.326812e-006
4.017690895572620e-005	3.583586e+001	-3.899975e+000	2.099398e-004	5.383184e-006	-4.366391e-006
4.017728423560027e-005	3.583586e+001	-3.899976e+000	2.745595e-004	7.183834e-006	-4.389922e-006
4.017733696366423e-005	3.583586e+001	-3.899976e+000	2.786502e-004	7.298084e-006	-4.389007e-006
4.017744241979215e-005	3.583586e+001	-3.899977e+000	2.766553e-004	7.243459e-006	-4.379445e-006
4.017765333204799e-005	3.583586e+001	-3.899978e+000	2.544796e-004	6.627954e-006	-4.349034e-006
4.017807515655966e-005	3.583586e+001	-3.899978e+000	1.779193e-004	4.499783e-006	-4.273285e-006
4.017850064129442e-005	3.583586e+001	-3.899978e+000	1.030639e-004	2.417780e-006	-4.210453e-006
4.017895690824726e-005	3.583586e+001	-3.899977e+000	7.276001e-005	1.574483e-006	-4.189018e-006
4.017940223308113e-005	3.583586e+001	-3.899976e+000	1.099901e-004	2.610422e-006	-4.216266e-006
4.017980407281765e-005	3.583586e+001	-3.899976e+000	1.775744e-004	4.491857e-006	-4.257688e-006
4.018018347056986e-005	3.583586e+001	-3.899976e+000	2.256687e-004	5.831857e-006	-4.276703e-006
4.018067301325448e-005	3.583586e+001	-3.899978e+000	2.246509e-004	5.806187e-006	-4.251617e-006
4.018118993958536e-005	3.583586e+001	-3.899978e+000	1.639109e-004	4.118162e-006	-4.187989e-006
4.018155412403383e-005	3.583586e+001	-3.899978e+000	1.134359e-004	2.714214e-006	-4.146105e-006
4.018198645986921e-005	3.583586e+001	-3.899977e+000	9.040512e-005	2.073226e-006	-4.130608e-006
4.018247771415959e-005	3.583586e+001	-3.899976e+000	1.223103e-004	2.960946e-006	-4.154450e-006
4.018289831825439e-005	3.583586e+001	-3.899976e+000	1.764664e-004	4.468572e-006	-4.187522e-006
4.018331405446905e-005	3.583586e+001	-3.899977e+000	2.133795e-004	5.497209e-006	-4.200618e-006
4.018384473366100e-005	3.583586e+001	-3.899978e+000	2.030337e-004	5.211423e-006	-4.173829e-006
4.018445249230860e-005	3.583586e+001	-3.899978e+000	1.439414e-004	3.568628e-006	-4.117073e-006
4.018491419104981e-005	3.583586e+001	-3.899978e+000	1.108924e-004	2.649221e-006	-4.091116e-006
4.018552059188349e-005	3.583586e+001	-3.899977e+000	1.253509e-004	3.051445e-006	-4.102522e-006
4.018611571308091e-005	3.583586e+001	-3.899977e+000	1.770792e-004	4.491505e-006	-4.133939e-006
4.018659773598615e-005	3.583586e+001	-3.899977e+000	2.026490e-004	5.204307e-006	-4.140579e-006
4.018721556617445e-005	3.583586e+001	-3.899978e+000	1.812972e-004	4.611845e-006	-4.109702e-006
4.018792106152805e-005	3.583586e+001	-3.899978e+000	1.198573e-004	2.903281e-006	-4.055342e-006
4.018799539698631e-005	3.583586e+001	-3.899978e+000	1.139996e-004	2.740286e-006	-4.051067e-006
4.018814406790285e-005	3.583586e+001	-3.899978e+000	1.084304e-004	2.585184e-006	-4.048265e-006
4.018844140973591e-005	3.583586e+001	-3.899977e+000	1.139294e-004	2.737995e-006	-4.054111e-006
4.018903609340205e-005	3.583586e+001	-3.899977e+000	1.537177e-004	3.845303e-006	-4.081538e-006
4.018960060214859e-005	3.583586e+001	-3.899977e+000	1.987818e-004	5.100089e-006	-4.106611e-006
4.018968172572668e-005	3.583586e+001	-3.899977e+000	2.029329e-004	5.215803e-006	-4.107740e-006
4.018984397288284e-005	3.583586e+001	-3.899978e+000	2.034789e-004	5.231475e-006	-4.103741e-006
4.019016846719518e-005	3.583586e+001	-3.899978e+000	1.902116e-004	4.863067e-006	-4.087035e-006
4.019081745581987e-005	3.583586e+001	-3.899978e+000	1.431122e-004	3.553488e-006	-4.043576e-006
4.019089419330939e-005	3.583586e+001	-3.899978e+000	1.368335e-004	3.378825e-006	-4.038593e-006
4.019091337768177e-005	3.583586e+001	-3.899978e+000	1.352727e-004	3.335392e-006	-4.037475e-006
4.019095174642654e-005	3.583586e+001	-3.899978e+000	1.322573e-004	3.251479e-006	-4.035342e-006
4.019096133861273e-005	3.583586e+001	-3.899978e+000	1.315301e-004	3.231241e-006	-4.034833e-006
4.019098052298511e-005	3.583586e+001	-3.899978e+000	1.301423e-004	3.192619e-006	-4.033880e-006
4.019101889172987e-005	3.583586e+001	-3.899978e+000	1.275801e-004	3.121309e-006	-4.032162e-006
4.019109562921940e-005	3.583586e+001	-3.899978e+000	1.234274e-004	3.005712e-006	-4.029551e-006
4.019124910419845e-005	3.583586e+001	-3.899978e+000	1.192855e-004	2.890346e-006	-4.027580e-006
4.019155605415657e-005	3.583586e+001	-3.899978e+000	1.246741e-004	3.040126e-006	-4.032986e-006
4.019216995407279e-005	3.583586e+001	-3.899977e+000	1.565780e-004	3.928049e-006	-4.054619e-006
4.019279647166816e-005	3.583586e+001	-3.899978e+000	1.807982e-004	4.602809e-006	-4.064785e-006
4.019349617312909e-005	3.583586e+001	-3.899978e+000	1.723450e-004	4.368642e-006	-4.048989e-006
4.019428607319280e-005	3.583586e+001	-3.899978e+000	1.425465e-004	3.539979e-006	-4.022670e-006
4.019498627141271e-005	3.583586e+001	-3.899978e+000	1.396057e-004	3.458135e-006	-4.020655e-006
4.019577328479557e-005	3.583586e+001	-3.899978e+000	1.664680e-004	4.205895e-006	-4.037501e-006
4.019641062816805e-005	3.583586e+001	-3.899978e+000	1.771097e-004	4.502692e-006	-4.038951e-006
4.019727435555600e-005	3.583586e+001	-3.899978e+000	1.573846e-004	3.954618e-006	-4.017313e-006
4.019804765617629e-005	3.583586e+001	-3.899978e+000	1.314275e-004	3.232452e-006	-3.997396e-006
4.019816278463235e-005	3.583586e+001	-3.899978e+000	1.307150e-004	3.212577e-006	-3.997340e-006
4.019839304154446e-005	3.583586e+001	-3.899978e+000	1.372873e-004	3.395359e-006	-4.003022e-006
4.019885355536869e-005	3.583586e+001	-3.899978e+000	1.556932e-004	3.907594e-006	-4.015715e-006
4.019952306158848e-005	3.583586e+001	-3.899978e+000	1.722571e-004	4.369027e-006	-4.022894e-006
4.020028110297589e-005	3.583586e+001	-3.899978e+000	1.659216e-004	4.193337e-006	-4.012791e-006
4.020133779573361e-005	3.583586e+001	-3.899978e+000	1.375964e-004	3.405467e-006	-3.989399e-006
4.020146580588790e-005	3.583586e+001	-3.899978e+000	1.362324e-004	3.367478e-006	-3.988718e-006
4.020172182619650e-005	3.583586e+001	-3.899978e+000	1.405915e-004	3.488670e-006	-3.992843e-006
4.020223386681367e-005	3.583586e+001	-3.899978e+000	1.553406e-004	3.899110e-006	-4.003266e-006
4.020297744653968e-005	3.583586e+001	-3.899978e+000	1.684824e-004	4.265211e-006	-4.008954e-006
4.020381712185124e-005	3.583586e+001	-3.899978e+000	1.627163e-004	4.105220e-006	-4.000601e-006
4.020501902286267e-005	3.583586e+001	-3.899978e+000	1.505870e-004	3.767865e-006	-3.990353e-006
4.020610917128255e-005	3.583586e+001	-3.899978e+000	1.570243e-004	3.947101e-006	-3.994006e-006
4.020746316566472e-005	3.583586e+001	-3.899978e+000	1.697539e-004	4.301881e-006	-3.998043e-006
4.020762191800917e-005	3.583586e+001	-3.899978e+000	1.678202e-004	4.248157e-006	-3.995881e-006
4.020793942269807e-005	3.583586e+001	-3.899978e+000	1.581689e-004	3.979726e-006	-3.987705e-006
4.020801879887030e-005	3.583586e+001	-3.899978e+000	1.556392e-004	3.909351e-006	-3.985723e-006
4.020803864291335e-005	3.583586e+001	-3.899978e+000	1.549999e-004	3.891563e-006	-3.985250e-006
4.020807833099946e-005	3.583586e+001	-3.899978e+000	1.537567e-004	3.856970e-006	-3.984348e-006
4.020815770717169e-005	3.583586e+001	-3.899978e+000	1.514596e-004	3.793043e-006	-3.982747e-006
4.020831645951614e-005	3.583586e+001	-3.899978e+000	1.479975e-004	3.696670e-006	-3.980567e-006
4.020863396420504e-005	3.583586e+001	-3.899978e+000	1.460865e-004	3.643399e-006	-3.980058e-006
4.020926897358284e-005	3.583586e+001	-3.899978e+000	1.525475e-004	3.823029e-006	-3.986172e-006
4.020942772592729e-005	3.583586e+001	-3.899978e+000	1.558963e-004	3.916214e-006	-3.988588e-006
4.020974523061619e-005	3.583586e+001	-3.899978e+000	1.623012e-004	4.094542e-006	-3.992276e-006
4.021038023999399e-005	3.583586e+001	-3.899978e+000	1.646894e-004	4.161248e-006	-3.991693e-006
4.021165025874960e-005	3.583586e+001	-3.899978e+000	1.557687e-004	3.913269e-006	-3.982934e-006
4.021289826349403e-005	3.583586e+001	-3.899978e+000	1.548318e-004	3.887234e-006	-3.981928e-006
4.021428406369033e-005	3.583586e+001	-3.899978e+000	1.650808e-004	4.172583e-006	-3.987890e-006
4.021463051373941e-005	3.583586e+001	-3.899978e+000	1.648155e-004	4.165292e-006	-3.986867e-006
4.021532341383756e-005	3.583586e+001	-3.899978e+000	1.588284e-004	3.998809e-006	-3.981469e-006
4.021670921403386e-005	3.583586e+001	-3.899978e+000	1.522796e-004	3.816546e-006	-3.977038e-006
4.021690750356543e-005	3.583586e+001	-3.899978e+000	1.533229e-004	3.845567e-006	-3.977896e-006
4.021730408262856e-005	3.583586e+001	-3.899978e+000	1.576881e-004	3.967057e-006	-3.980837e-006
4.021809724075480e-005	3.583586e+001	-3.899978e+000	1.630273e-004	4.115783e-006	-3.983268e-006
4.021829553028637e-005	3.583586e+001	-3.899978e+000	1.626955e-004	4.106598e-006	-3.982592e-006
4.021869210934949e-005	3.583586e+001	-3.899978e+000	1.594706e-004	4.016922e-006	-3.979700e-006
4.021948526747574e-005	3.583586e+001	-3.899978e+000	1.558524e-004	3.916257e-006	-3.976939e-006
4.022107158372824e-005	3.583586e+001	-3.899978e+000	1.584872e-004	3.989541e-006	-3.979134e-006
4.022134442570479e-005	3.583586e+001	-3.899978e+000	1.596540e-004	4.022033e-006	-3.979768e-006
4.022189010965787e-005	3.583586e+001	-3.899978e+000	1.603017e-004	4.040140e-006	-3.979452e-006
4.022298147756404e-005	3.583586e+001	-3.899978e+000	1.579013e-004	3.973428e-006	-3.976956e-006
4.022485216593179e-005	3.583586e+001	-3.899978e+000	1.571129e-004	3.951524e-006	-3.976094e-006
4.022677915554700e-005	3.583586e+001	-3.899978e+000	1.581569e-004	3.980630e-006	-3.976331e-006
4.023063313477741e-005	3.583586e+001	-3.899978e+000	1.573879e-004	3.959337e-006	-3.974803e-006
4.023930574297205e-005	3.583586e+001	-3.899978e+000	1.576994e-004	3.968124e-006	-3.973933e-006
4.024596422072634e-005	3.583586e+001	-3.899978e+000	1.574485e-004	3.961183e-006	-3.973393e-006
4.025509859099268e-005	3.583586e+001	-3.899978e+000	1.577370e-004	3.969239e-006	-3.973337e-006
4.027227250311780e-005	3.583586e+001	-3.899978e+000	1.574814e-004	3.962142e-006	-3.972991e-006
4.030662032736804e-005	3.583586e+001	-3.899978e+000	1.576091e-004	3.965702e-006	-3.973031e-006
5.261130782736754e-005	3.583561e+001	-3.899978e+000	1.575674e-004	3.964573e-006	-3.972968e-006
5.993552657736724e-005	3.583546e+001	-3.899978e+000	1.575645e-004	3.964511e-006	-3.972949e-006
5.999412032736724e-005	3.583546e+001	-3.899978e+000	1.564036e-004	3.932190e-006	-3.972272e-006
5.999632520460452e-005	3.583546e+001	-3.899978e+000	1.578507e-004	3.972471e-006	-3.973189e-006
5.999926504092091e-005	3.583546e+001	-3.899978e+000	1.569422e-004	3.947192e-006	-3.972521e-006
6.000000000000000e-005	3.583546e+001	-3.899978e+000	1.570234e-004	3.949438e-006	-3.972713e-006
